20060101,LnB,Weekend
20060101,NYB,Weekend
20060101,TkB,Weekend
20060107,LnB,Weekend
20060107,NYB,Weekend
20060107,TkB,Weekend
20060108,LnB,Weekend
20060108,NYB,Weekend
20060108,TkB,Weekend
20060114,LnB,Weekend
20060114,NYB,Weekend
20060114,TkB,Weekend
20060115,LnB,Weekend
20060115,NYB,Weekend
20060115,TkB,Weekend
20060121,LnB,Weekend
20060121,NYB,Weekend
20060121,TkB,Weekend
20060122,LnB,Weekend
20060122,NYB,Weekend
20060122,TkB,Weekend
20060128,LnB,Weekend
20060128,NYB,Weekend
20060128,TkB,Weekend
20060129,LnB,Weekend
20060129,NYB,Weekend
20060129,TkB,Weekend
20060130,LnB,Spring Bank Holiday
20060201,NYB,New Year's Day
20060204,LnB,Weekend
20060204,NYB,Weekend
20060204,TkB,Weekend
20060205,LnB,Weekend
20060205,NYB,Weekend
20060205,TkB,Weekend
20060211,LnB,Weekend
20060211,NYB,Weekend
20060211,TkB,Weekend
20060212,LnB,Weekend
20060212,NYB,Weekend
20060212,TkB,Weekend
20060218,LnB,Weekend
20060218,NYB,Weekend
20060218,TkB,Weekend
20060219,LnB,Weekend
20060219,NYB,Weekend
20060219,TkB,Weekend
20060221,TkB,National Foundation Day
20060225,LnB,Weekend
20060225,NYB,Weekend
20060225,TkB,Weekend
20060226,LnB,Weekend
20060226,NYB,Weekend
20060226,TkB,Weekend
20060301,TkB,New Year's Day
20060304,LnB,Weekend
20060304,NYB,Weekend
20060304,TkB,Weekend
20060305,LnB,Weekend
20060305,NYB,Weekend
20060305,TkB,Weekend
20060311,LnB,Weekend
20060311,NYB,Weekend
20060311,TkB,Weekend
20060312,LnB,Weekend
20060312,NYB,Weekend
20060312,TkB,Weekend
20060318,LnB,Weekend
20060318,NYB,Weekend
20060318,TkB,Weekend
20060319,LnB,Weekend
20060319,NYB,Weekend
20060319,TkB,Weekend
20060325,LnB,Weekend
20060325,NYB,Weekend
20060325,TkB,Weekend
20060326,LnB,Weekend
20060326,NYB,Weekend
20060326,TkB,Weekend
20060401,LnB,Weekend
20060401,NYB,Weekend
20060401,TkB,Weekend
20060402,LnB,Weekend
20060402,NYB,Weekend
20060402,TkB,Weekend
20060408,LnB,Weekend
20060408,NYB,Weekend
20060408,TkB,Weekend
20060409,LnB,Weekend
20060409,NYB,Weekend
20060409,TkB,Weekend
20060415,LnB,Weekend
20060415,NYB,Weekend
20060415,TkB,Weekend
20060416,LnB,Weekend
20060416,NYB,Weekend
20060416,TkB,Weekend
20060422,LnB,Weekend
20060422,NYB,Weekend
20060422,TkB,Weekend
20060423,LnB,Weekend
20060423,NYB,Weekend
20060423,TkB,Weekend
20060425,NYB,Christmas Day
20060429,LnB,Weekend
20060429,NYB,Weekend
20060429,TkB,Weekend
20060430,LnB,Weekend
20060430,NYB,Weekend
20060430,TkB,Weekend
20060506,LnB,Weekend
20060506,NYB,Weekend
20060506,TkB,Weekend
20060507,LnB,Weekend
20060507,NYB,Weekend
20060507,TkB,Weekend
20060513,LnB,Weekend
20060513,NYB,Weekend
20060513,TkB,Weekend
20060514,LnB,Weekend
20060514,NYB,Weekend
20060514,TkB,Weekend
20060515,NYB,Washington's Birthday
20060520,LnB,Weekend
20060520,NYB,Weekend
20060520,TkB,Weekend
20060521,LnB,Weekend
20060521,NYB,Weekend
20060521,TkB,Weekend
20060527,LnB,Weekend
20060527,NYB,Weekend
20060527,TkB,Weekend
20060528,LnB,Weekend
20060528,NYB,Weekend
20060528,TkB,Weekend
20060531,TkB,Bank Holiday
20060603,LnB,Weekend
20060603,NYB,Weekend
20060603,TkB,Weekend
20060604,LnB,Weekend
20060604,NYB,Weekend
20060604,TkB,Weekend
20060610,LnB,Weekend
20060610,NYB,Weekend
20060610,TkB,Weekend
20060611,LnB,Weekend
20060611,NYB,Weekend
20060611,TkB,Weekend
20060617,LnB,Weekend
20060617,NYB,Weekend
20060617,TkB,Weekend
20060618,LnB,Weekend
20060618,NYB,Weekend
20060618,TkB,Weekend
20060624,LnB,Weekend
20060624,NYB,Weekend
20060624,TkB,Weekend
20060625,LnB,Weekend
20060625,NYB,Weekend
20060625,TkB,Weekend
20060701,LnB,Weekend
20060701,NYB,Weekend
20060701,TkB,Weekend
20060702,LnB,Weekend
20060702,NYB,Weekend
20060702,TkB,Weekend
20060708,LnB,Weekend
20060708,NYB,Weekend
20060708,TkB,Weekend
20060709,LnB,Weekend
20060709,NYB,Weekend
20060709,TkB,Weekend
20060715,LnB,Weekend
20060715,NYB,Weekend
20060715,TkB,Weekend
20060716,LnB,Weekend
20060716,NYB,Weekend
20060716,TkB,Weekend
20060722,LnB,Weekend
20060722,NYB,Weekend
20060722,TkB,Weekend
20060723,LnB,Weekend
20060723,NYB,Weekend
20060723,TkB,Weekend
20060724,LnB,August Bank Holiday
20060729,LnB,Weekend
20060729,NYB,Weekend
20060729,TkB,Weekend
20060730,LnB,Weekend
20060730,NYB,Weekend
20060730,TkB,Weekend
20060731,NYB,Memorial Day
20060805,LnB,Weekend
20060805,NYB,Weekend
20060805,TkB,Weekend
20060806,LnB,Weekend
20060806,NYB,Weekend
20060806,TkB,Weekend
20060812,LnB,Weekend
20060812,NYB,Weekend
20060812,TkB,Weekend
20060813,LnB,Weekend
20060813,NYB,Weekend
20060813,TkB,Weekend
20060819,LnB,Weekend
20060819,NYB,Weekend
20060819,TkB,Weekend
20060820,LnB,Weekend
20060820,NYB,Weekend
20060820,TkB,Weekend
20060823,TkB,Labour Thanksgiving Day
20060826,LnB,Weekend
20060826,NYB,Weekend
20060826,TkB,Weekend
20060827,LnB,Weekend
20060827,NYB,Weekend
20060827,TkB,Weekend
20060902,LnB,Weekend
20060902,NYB,Weekend
20060902,TkB,Weekend
20060903,LnB,Weekend
20060903,NYB,Weekend
20060903,TkB,Weekend
20060909,LnB,Weekend
20060909,NYB,Weekend
20060909,TkB,Weekend
20060910,LnB,Weekend
20060910,NYB,Weekend
20060910,TkB,Weekend
20060911,TkB,Respect for the Aged Day
20060916,LnB,Weekend
20060916,NYB,Weekend
20060916,TkB,Weekend
20060917,LnB,Weekend
20060917,NYB,Weekend
20060917,TkB,Weekend
20060923,LnB,Weekend
20060923,NYB,Weekend
20060923,TkB,Weekend
20060924,LnB,Weekend
20060924,NYB,Weekend
20060924,TkB,Weekend
20060925,NYB,Labor Day
20060930,LnB,Weekend
20060930,NYB,Weekend
20060930,TkB,Weekend
20061001,LnB,Weekend
20061001,NYB,Weekend
20061001,TkB,Weekend
20061004,NYB,Independence Day
20061007,LnB,Weekend
20061007,NYB,Weekend
20061007,TkB,Weekend
20061008,LnB,Weekend
20061008,NYB,Weekend
20061008,TkB,Weekend
20061014,LnB,Weekend
20061014,NYB,Weekend
20061014,TkB,Weekend
20061015,LnB,Weekend
20061015,NYB,Weekend
20061015,TkB,Weekend
20061016,TkB,Ocean Day
20061021,LnB,Weekend
20061021,NYB,Weekend
20061021,TkB,Weekend
20061022,LnB,Weekend
20061022,NYB,Weekend
20061022,TkB,Weekend
20061023,NYB,Columbus Day
20061028,LnB,Weekend
20061028,NYB,Weekend
20061028,TkB,Weekend
20061029,LnB,Weekend
20061029,NYB,Weekend
20061029,TkB,Weekend
20061101,NYB,Veterans Day
20061104,LnB,Weekend
20061104,NYB,Weekend
20061104,TkB,Weekend
20061105,LnB,Weekend
20061105,NYB,Weekend
20061105,TkB,Weekend
20061106,LnB,May Day
20061111,LnB,Weekend
20061111,NYB,Weekend
20061111,TkB,Weekend
20061112,LnB,Weekend
20061112,NYB,Weekend
20061112,TkB,Weekend
20061113,TkB,Culture Day
20061118,LnB,Weekend
20061118,NYB,Weekend
20061118,TkB,Weekend
20061119,LnB,Weekend
20061119,NYB,Weekend
20061119,TkB,Weekend
20061125,LnB,Weekend
20061125,NYB,Weekend
20061125,TkB,Weekend
20061126,LnB,Weekend
20061126,NYB,Weekend
20061126,TkB,Weekend
20061202,LnB,Weekend
20061202,NYB,Weekend
20061202,TkB,Weekend
20061203,LnB,Weekend
20061203,NYB,Weekend
20061203,TkB,Weekend
20061209,LnB,Weekend
20061209,NYB,Weekend
20061209,TkB,Weekend
20061210,LnB,Weekend
20061210,NYB,Weekend
20061210,TkB,Weekend
20061216,LnB,Weekend
20061216,NYB,Weekend
20061216,TkB,Weekend
20061217,LnB,Weekend
20061217,NYB,Weekend
20061217,TkB,Weekend
20061218,NYB,Martin Luther King's Birthday
20061223,LnB,Weekend
20061223,NYB,Weekend
20061223,TkB,Weekend
20061224,LnB,Weekend
20061224,NYB,Weekend
20061224,TkB,Weekend
20061225,LnB,Christmas Day
20061226,LnB,Boxing Day
20061228,NYB,Thanksgiving Day
20061230,LnB,Weekend
20061230,NYB,Weekend
20061230,TkB,Weekend
20061231,LnB,Weekend
20061231,NYB,Weekend
20061231,TkB,Weekend
20070101,LnB,New Year's Day
20070106,LnB,Weekend
20070106,NYB,Weekend
20070106,TkB,Weekend
20070107,LnB,Weekend
20070107,NYB,Weekend
20070107,TkB,Weekend
20070113,LnB,Weekend
20070113,NYB,Weekend
20070113,TkB,Weekend
20070114,LnB,Weekend
20070114,NYB,Weekend
20070114,TkB,Weekend
20070120,LnB,Weekend
20070120,NYB,Weekend
20070120,TkB,Weekend
20070121,LnB,Weekend
20070121,NYB,Weekend
20070121,TkB,Weekend
20070127,LnB,Weekend
20070127,NYB,Weekend
20070127,TkB,Weekend
20070128,LnB,Weekend
20070128,NYB,Weekend
20070128,TkB,Weekend
20070129,LnB,Spring Bank Holiday
20070201,NYB,New Year's Day
20070203,LnB,Weekend
20070203,NYB,Weekend
20070203,TkB,Weekend
20070204,LnB,Weekend
20070204,NYB,Weekend
20070204,TkB,Weekend
20070210,LnB,Weekend
20070210,NYB,Weekend
20070210,TkB,Weekend
20070211,LnB,Weekend
20070211,NYB,Weekend
20070211,TkB,Weekend
20070217,LnB,Weekend
20070217,NYB,Weekend
20070217,TkB,Weekend
20070218,LnB,Weekend
20070218,NYB,Weekend
20070218,TkB,Weekend
20070221,TkB,National Foundation Day
20070224,LnB,Weekend
20070224,NYB,Weekend
20070224,TkB,Weekend
20070225,LnB,Weekend
20070225,NYB,Weekend
20070225,TkB,Weekend
20070301,TkB,New Year's Day
20070303,LnB,Weekend
20070303,NYB,Weekend
20070303,TkB,Weekend
20070304,LnB,Weekend
20070304,NYB,Weekend
20070304,TkB,Weekend
20070310,LnB,Weekend
20070310,NYB,Weekend
20070310,TkB,Weekend
20070311,LnB,Weekend
20070311,NYB,Weekend
20070311,TkB,Weekend
20070317,LnB,Weekend
20070317,NYB,Weekend
20070317,TkB,Weekend
20070318,LnB,Weekend
20070318,NYB,Weekend
20070318,TkB,Weekend
20070324,LnB,Weekend
20070324,NYB,Weekend
20070324,TkB,Weekend
20070325,LnB,Weekend
20070325,NYB,Weekend
20070325,TkB,Weekend
20070331,LnB,Weekend
20070331,NYB,Weekend
20070331,TkB,Weekend
20070401,LnB,Weekend
20070401,NYB,Weekend
20070401,TkB,Weekend
20070402,TkB,Greenery Day
20070407,LnB,Weekend
20070407,NYB,Weekend
20070407,TkB,Weekend
20070408,LnB,Weekend
20070408,NYB,Weekend
20070408,TkB,Weekend
20070414,LnB,Weekend
20070414,NYB,Weekend
20070414,TkB,Weekend
20070415,LnB,Weekend
20070415,NYB,Weekend
20070415,TkB,Weekend
20070421,LnB,Weekend
20070421,NYB,Weekend
20070421,TkB,Weekend
20070422,LnB,Weekend
20070422,NYB,Weekend
20070422,TkB,Weekend
20070425,NYB,Christmas Day
20070428,LnB,Weekend
20070428,NYB,Weekend
20070428,TkB,Weekend
20070429,LnB,Weekend
20070429,NYB,Weekend
20070429,TkB,Weekend
20070505,LnB,Weekend
20070505,NYB,Weekend
20070505,TkB,Weekend
20070506,LnB,Weekend
20070506,NYB,Weekend
20070506,TkB,Weekend
20070512,LnB,Weekend
20070512,NYB,Weekend
20070512,TkB,Weekend
20070513,LnB,Weekend
20070513,NYB,Weekend
20070513,TkB,Weekend
20070519,LnB,Weekend
20070519,NYB,Weekend
20070519,TkB,Weekend
20070520,LnB,Weekend
20070520,NYB,Weekend
20070520,TkB,Weekend
20070521,NYB,Washington's Birthday
20070526,LnB,Weekend
20070526,NYB,Weekend
20070526,TkB,Weekend
20070527,LnB,Weekend
20070527,NYB,Weekend
20070527,TkB,Weekend
20070531,TkB,Bank Holiday
20070602,LnB,Weekend
20070602,NYB,Weekend
20070602,TkB,Weekend
20070603,LnB,Weekend
20070603,NYB,Weekend
20070603,TkB,Weekend
20070609,LnB,Weekend
20070609,NYB,Weekend
20070609,TkB,Weekend
20070610,LnB,Weekend
20070610,NYB,Weekend
20070610,TkB,Weekend
20070616,LnB,Weekend
20070616,NYB,Weekend
20070616,TkB,Weekend
20070617,LnB,Weekend
20070617,NYB,Weekend
20070617,TkB,Weekend
20070623,LnB,Weekend
20070623,NYB,Weekend
20070623,TkB,Weekend
20070624,LnB,Weekend
20070624,NYB,Weekend
20070624,TkB,Weekend
20070630,LnB,Weekend
20070630,NYB,Weekend
20070630,TkB,Weekend
20070701,LnB,Weekend
20070701,NYB,Weekend
20070701,TkB,Weekend
20070707,LnB,Weekend
20070707,NYB,Weekend
20070707,TkB,Weekend
20070708,LnB,Weekend
20070708,NYB,Weekend
20070708,TkB,Weekend
20070714,LnB,Weekend
20070714,NYB,Weekend
20070714,TkB,Weekend
20070715,LnB,Weekend
20070715,NYB,Weekend
20070715,TkB,Weekend
20070721,LnB,Weekend
20070721,NYB,Weekend
20070721,TkB,Weekend
20070722,LnB,Weekend
20070722,NYB,Weekend
20070722,TkB,Weekend
20070723,LnB,August Bank Holiday
20070728,LnB,Weekend
20070728,NYB,Weekend
20070728,TkB,Weekend
20070729,LnB,Weekend
20070729,NYB,Weekend
20070729,TkB,Weekend
20070730,NYB,Memorial Day
20070804,LnB,Weekend
20070804,NYB,Weekend
20070804,TkB,Weekend
20070805,LnB,Weekend
20070805,NYB,Weekend
20070805,TkB,Weekend
20070811,LnB,Weekend
20070811,NYB,Weekend
20070811,TkB,Weekend
20070812,LnB,Weekend
20070812,NYB,Weekend
20070812,TkB,Weekend
20070818,LnB,Weekend
20070818,NYB,Weekend
20070818,TkB,Weekend
20070819,LnB,Weekend
20070819,NYB,Weekend
20070819,TkB,Weekend
20070823,TkB,Labour Thanksgiving Day
20070825,LnB,Weekend
20070825,NYB,Weekend
20070825,TkB,Weekend
20070826,LnB,Weekend
20070826,NYB,Weekend
20070826,TkB,Weekend
20070901,LnB,Weekend
20070901,NYB,Weekend
20070901,TkB,Weekend
20070902,LnB,Weekend
20070902,NYB,Weekend
20070902,TkB,Weekend
20070908,LnB,Weekend
20070908,NYB,Weekend
20070908,TkB,Weekend
20070909,LnB,Weekend
20070909,NYB,Weekend
20070909,TkB,Weekend
20070910,TkB,Respect for the Aged Day
20070915,LnB,Weekend
20070915,NYB,Weekend
20070915,TkB,Weekend
20070916,LnB,Weekend
20070916,NYB,Weekend
20070916,TkB,Weekend
20070922,LnB,Weekend
20070922,NYB,Weekend
20070922,TkB,Weekend
20070923,LnB,Weekend
20070923,NYB,Weekend
20070923,TkB,Weekend
20070924,NYB,Labor Day
20070929,LnB,Weekend
20070929,NYB,Weekend
20070929,TkB,Weekend
20070930,LnB,Weekend
20070930,NYB,Weekend
20070930,TkB,Weekend
20071004,NYB,Independence Day
20071006,LnB,Weekend
20071006,NYB,Weekend
20071006,TkB,Weekend
20071007,LnB,Weekend
20071007,NYB,Weekend
20071007,TkB,Weekend
20071013,LnB,Weekend
20071013,NYB,Weekend
20071013,TkB,Weekend
20071014,LnB,Weekend
20071014,NYB,Weekend
20071014,TkB,Weekend
20071015,TkB,Ocean Day
20071020,LnB,Weekend
20071020,NYB,Weekend
20071020,TkB,Weekend
20071021,LnB,Weekend
20071021,NYB,Weekend
20071021,TkB,Weekend
20071022,NYB,Columbus Day
20071027,LnB,Weekend
20071027,NYB,Weekend
20071027,TkB,Weekend
20071028,LnB,Weekend
20071028,NYB,Weekend
20071028,TkB,Weekend
20071101,NYB,Veterans Day
20071103,LnB,Weekend
20071103,NYB,Weekend
20071103,TkB,Weekend
20071104,LnB,Weekend
20071104,NYB,Weekend
20071104,TkB,Weekend
20071105,LnB,May Day
20071110,LnB,Weekend
20071110,NYB,Weekend
20071110,TkB,Weekend
20071111,LnB,Weekend
20071111,NYB,Weekend
20071111,TkB,Weekend
20071113,TkB,Culture Day
20071117,LnB,Weekend
20071117,NYB,Weekend
20071117,TkB,Weekend
20071118,LnB,Weekend
20071118,NYB,Weekend
20071118,TkB,Weekend
20071124,LnB,Weekend
20071124,NYB,Weekend
20071124,TkB,Weekend
20071125,LnB,Weekend
20071125,NYB,Weekend
20071125,TkB,Weekend
20071201,LnB,Weekend
20071201,NYB,Weekend
20071201,TkB,Weekend
20071202,LnB,Weekend
20071202,NYB,Weekend
20071202,TkB,Weekend
20071208,LnB,Weekend
20071208,NYB,Weekend
20071208,TkB,Weekend
20071209,LnB,Weekend
20071209,NYB,Weekend
20071209,TkB,Weekend
20071215,LnB,Weekend
20071215,NYB,Weekend
20071215,TkB,Weekend
20071216,LnB,Weekend
20071216,NYB,Weekend
20071216,TkB,Weekend
20071217,NYB,Martin Luther King's Birthday
20071222,LnB,Weekend
20071222,NYB,Weekend
20071222,TkB,Weekend
20071223,LnB,Weekend
20071223,NYB,Weekend
20071223,TkB,Weekend
20071225,LnB,Christmas Day
20071226,LnB,Boxing Day
20071227,NYB,Thanksgiving Day
20071229,LnB,Weekend
20071229,NYB,Weekend
20071229,TkB,Weekend
20071230,LnB,Weekend
20071230,NYB,Weekend
20071230,TkB,Weekend
20080101,LnB,New Year's Day
20080105,LnB,Weekend
20080105,NYB,Weekend
20080105,TkB,Weekend
20080106,LnB,Weekend
20080106,NYB,Weekend
20080106,TkB,Weekend
20080112,LnB,Weekend
20080112,NYB,Weekend
20080112,TkB,Weekend
20080113,LnB,Weekend
20080113,NYB,Weekend
20080113,TkB,Weekend
20080119,LnB,Weekend
20080119,NYB,Weekend
20080119,TkB,Weekend
20080120,LnB,Weekend
20080120,NYB,Weekend
20080120,TkB,Weekend
20080126,LnB,Weekend
20080126,NYB,Weekend
20080126,TkB,Weekend
20080127,LnB,Weekend
20080127,NYB,Weekend
20080127,TkB,Weekend
20080128,LnB,Spring Bank Holiday
20080201,NYB,New Year's Day
20080202,LnB,Weekend
20080202,NYB,Weekend
20080202,TkB,Weekend
20080203,LnB,Weekend
20080203,NYB,Weekend
20080203,TkB,Weekend
20080209,LnB,Weekend
20080209,NYB,Weekend
20080209,TkB,Weekend
20080210,LnB,Weekend
20080210,NYB,Weekend
20080210,TkB,Weekend
20080216,LnB,Weekend
20080216,NYB,Weekend
20080216,TkB,Weekend
20080217,LnB,Weekend
20080217,NYB,Weekend
20080217,TkB,Weekend
20080221,TkB,National Foundation Day
20080223,LnB,Weekend
20080223,NYB,Weekend
20080223,TkB,Weekend
20080224,LnB,Weekend
20080224,NYB,Weekend
20080224,TkB,Weekend
20080301,LnB,Weekend
20080301,NYB,Weekend
20080301,TkB,Weekend
20080302,LnB,Weekend
20080302,NYB,Weekend
20080302,TkB,Weekend
20080308,LnB,Weekend
20080308,NYB,Weekend
20080308,TkB,Weekend
20080309,LnB,Weekend
20080309,NYB,Weekend
20080309,TkB,Weekend
20080315,LnB,Weekend
20080315,NYB,Weekend
20080315,TkB,Weekend
20080316,LnB,Weekend
20080316,NYB,Weekend
20080316,TkB,Weekend
20080322,LnB,Weekend
20080322,NYB,Weekend
20080322,TkB,Weekend
20080323,LnB,Weekend
20080323,NYB,Weekend
20080323,TkB,Weekend
20080329,LnB,Weekend
20080329,NYB,Weekend
20080329,TkB,Weekend
20080330,LnB,Weekend
20080330,NYB,Weekend
20080330,TkB,Weekend
20080402,TkB,Greenery Day
20080405,LnB,Weekend
20080405,NYB,Weekend
20080405,TkB,Weekend
20080406,LnB,Weekend
20080406,NYB,Weekend
20080406,TkB,Weekend
20080412,LnB,Weekend
20080412,NYB,Weekend
20080412,TkB,Weekend
20080413,LnB,Weekend
20080413,NYB,Weekend
20080413,TkB,Weekend
20080419,LnB,Weekend
20080419,NYB,Weekend
20080419,TkB,Weekend
20080420,LnB,Weekend
20080420,NYB,Weekend
20080420,TkB,Weekend
20080425,NYB,Christmas Day
20080426,LnB,Weekend
20080426,NYB,Weekend
20080426,TkB,Weekend
20080427,LnB,Weekend
20080427,NYB,Weekend
20080427,TkB,Weekend
20080503,LnB,Weekend
20080503,NYB,Weekend
20080503,TkB,Weekend
20080504,LnB,Weekend
20080504,NYB,Weekend
20080504,TkB,Weekend
20080510,LnB,Weekend
20080510,NYB,Weekend
20080510,TkB,Weekend
20080511,LnB,Weekend
20080511,NYB,Weekend
20080511,TkB,Weekend
20080517,LnB,Weekend
20080517,NYB,Weekend
20080517,TkB,Weekend
20080518,LnB,Weekend
20080518,NYB,Weekend
20080518,TkB,Weekend
20080519,NYB,Washington's Birthday
20080524,LnB,Weekend
20080524,NYB,Weekend
20080524,TkB,Weekend
20080525,LnB,Weekend
20080525,NYB,Weekend
20080525,TkB,Weekend
20080531,LnB,Weekend
20080531,NYB,Weekend
20080531,TkB,Weekend
20080601,LnB,Weekend
20080601,NYB,Weekend
20080601,TkB,Weekend
20080607,LnB,Weekend
20080607,NYB,Weekend
20080607,TkB,Weekend
20080608,LnB,Weekend
20080608,NYB,Weekend
20080608,TkB,Weekend
20080614,LnB,Weekend
20080614,NYB,Weekend
20080614,TkB,Weekend
20080615,LnB,Weekend
20080615,NYB,Weekend
20080615,TkB,Weekend
20080621,LnB,Weekend
20080621,NYB,Weekend
20080621,TkB,Weekend
20080622,LnB,Weekend
20080622,NYB,Weekend
20080622,TkB,Weekend
20080628,LnB,Weekend
20080628,NYB,Weekend
20080628,TkB,Weekend
20080629,LnB,Weekend
20080629,NYB,Weekend
20080629,TkB,Weekend
20080705,LnB,Weekend
20080705,NYB,Weekend
20080705,TkB,Weekend
20080706,LnB,Weekend
20080706,NYB,Weekend
20080706,TkB,Weekend
20080712,LnB,Weekend
20080712,NYB,Weekend
20080712,TkB,Weekend
20080713,LnB,Weekend
20080713,NYB,Weekend
20080713,TkB,Weekend
20080719,LnB,Weekend
20080719,NYB,Weekend
20080719,TkB,Weekend
20080720,LnB,Weekend
20080720,NYB,Weekend
20080720,TkB,Weekend
20080721,LnB,August Bank Holiday
20080726,LnB,Weekend
20080726,NYB,Weekend
20080726,TkB,Weekend
20080727,LnB,Weekend
20080727,NYB,Weekend
20080727,TkB,Weekend
20080728,NYB,Memorial Day
20080802,LnB,Weekend
20080802,NYB,Weekend
20080802,TkB,Weekend
20080803,LnB,Weekend
20080803,NYB,Weekend
20080803,TkB,Weekend
20080809,LnB,Weekend
20080809,NYB,Weekend
20080809,TkB,Weekend
20080810,LnB,Weekend
20080810,NYB,Weekend
20080810,TkB,Weekend
20080816,LnB,Weekend
20080816,NYB,Weekend
20080816,TkB,Weekend
20080817,LnB,Weekend
20080817,NYB,Weekend
20080817,TkB,Weekend
20080823,LnB,Weekend
20080823,NYB,Weekend
20080823,TkB,Weekend
20080824,LnB,Weekend
20080824,NYB,Weekend
20080824,TkB,Weekend
20080830,LnB,Weekend
20080830,NYB,Weekend
20080830,TkB,Weekend
20080831,LnB,Weekend
20080831,NYB,Weekend
20080831,TkB,Weekend
20080906,LnB,Weekend
20080906,NYB,Weekend
20080906,TkB,Weekend
20080907,LnB,Weekend
20080907,NYB,Weekend
20080907,TkB,Weekend
20080908,TkB,Respect for the Aged Day
20080913,LnB,Weekend
20080913,NYB,Weekend
20080913,TkB,Weekend
20080914,LnB,Weekend
20080914,NYB,Weekend
20080914,TkB,Weekend
20080920,LnB,Weekend
20080920,NYB,Weekend
20080920,TkB,Weekend
20080921,LnB,Weekend
20080921,NYB,Weekend
20080921,TkB,Weekend
20080922,NYB,Labor Day
20080923,TkB,Emperor's Birthday
20080927,LnB,Weekend
20080927,NYB,Weekend
20080927,TkB,Weekend
20080928,LnB,Weekend
20080928,NYB,Weekend
20080928,TkB,Weekend
20081004,LnB,Weekend
20081004,NYB,Weekend
20081004,TkB,Weekend
20081005,LnB,Weekend
20081005,NYB,Weekend
20081005,TkB,Weekend
20081011,LnB,Weekend
20081011,NYB,Weekend
20081011,TkB,Weekend
20081012,LnB,Weekend
20081012,NYB,Weekend
20081012,TkB,Weekend
20081018,LnB,Weekend
20081018,NYB,Weekend
20081018,TkB,Weekend
20081019,LnB,Weekend
20081019,NYB,Weekend
20081019,TkB,Weekend
20081020,NYB,Columbus Day
20081020,TkB,Ocean Day
20081025,LnB,Weekend
20081025,NYB,Weekend
20081025,TkB,Weekend
20081026,LnB,Weekend
20081026,NYB,Weekend
20081026,TkB,Weekend
20081101,LnB,Weekend
20081101,NYB,Weekend
20081101,TkB,Weekend
20081102,LnB,Weekend
20081102,NYB,Weekend
20081102,TkB,Weekend
20081103,LnB,May Day
20081108,LnB,Weekend
20081108,NYB,Weekend
20081108,TkB,Weekend
20081109,LnB,Weekend
20081109,NYB,Weekend
20081109,TkB,Weekend
20081113,TkB,Culture Day
20081115,LnB,Weekend
20081115,NYB,Weekend
20081115,TkB,Weekend
20081116,LnB,Weekend
20081116,NYB,Weekend
20081116,TkB,Weekend
20081122,LnB,Weekend
20081122,NYB,Weekend
20081122,TkB,Weekend
20081123,LnB,Weekend
20081123,NYB,Weekend
20081123,TkB,Weekend
20081129,LnB,Weekend
20081129,NYB,Weekend
20081129,TkB,Weekend
20081130,LnB,Weekend
20081130,NYB,Weekend
20081130,TkB,Weekend
20081206,LnB,Weekend
20081206,NYB,Weekend
20081206,TkB,Weekend
20081207,LnB,Weekend
20081207,NYB,Weekend
20081207,TkB,Weekend
20081213,LnB,Weekend
20081213,NYB,Weekend
20081213,TkB,Weekend
20081214,LnB,Weekend
20081214,NYB,Weekend
20081214,TkB,Weekend
20081215,NYB,Martin Luther King's Birthday
20081220,LnB,Weekend
20081220,NYB,Weekend
20081220,TkB,Weekend
20081221,LnB,Weekend
20081221,NYB,Weekend
20081221,TkB,Weekend
20081225,LnB,Christmas Day
20081225,NYB,Thanksgiving Day
20081226,LnB,Boxing Day
20081227,LnB,Weekend
20081227,NYB,Weekend
20081227,TkB,Weekend
20081228,LnB,Weekend
20081228,NYB,Weekend
20081228,TkB,Weekend
20090101,LnB,New Year's Day
20090103,LnB,Weekend
20090103,NYB,Weekend
20090103,TkB,Weekend
20090104,LnB,Weekend
20090104,NYB,Weekend
20090104,TkB,Weekend
20090110,LnB,Weekend
20090110,NYB,Weekend
20090110,TkB,Weekend
20090111,LnB,Weekend
20090111,NYB,Weekend
20090111,TkB,Weekend
20090117,LnB,Weekend
20090117,NYB,Weekend
20090117,TkB,Weekend
20090118,LnB,Weekend
20090118,NYB,Weekend
20090118,TkB,Weekend
20090124,LnB,Weekend
20090124,NYB,Weekend
20090124,TkB,Weekend
20090125,LnB,Weekend
20090125,NYB,Weekend
20090125,TkB,Weekend
20090126,LnB,Spring Bank Holiday
20090131,LnB,Weekend
20090131,NYB,Weekend
20090131,TkB,Weekend
20090201,LnB,Weekend
20090201,NYB,Weekend
20090201,TkB,Weekend
20090207,LnB,Weekend
20090207,NYB,Weekend
20090207,TkB,Weekend
20090208,LnB,Weekend
20090208,NYB,Weekend
20090208,TkB,Weekend
20090214,LnB,Weekend
20090214,NYB,Weekend
20090214,TkB,Weekend
20090215,LnB,Weekend
20090215,NYB,Weekend
20090215,TkB,Weekend
20090221,LnB,Weekend
20090221,NYB,Weekend
20090221,TkB,Weekend
20090222,LnB,Weekend
20090222,NYB,Weekend
20090222,TkB,Weekend
20090228,LnB,Weekend
20090228,NYB,Weekend
20090228,TkB,Weekend
20090301,LnB,Weekend
20090301,NYB,Weekend
20090301,TkB,Weekend
20090307,LnB,Weekend
20090307,NYB,Weekend
20090307,TkB,Weekend
20090308,LnB,Weekend
20090308,NYB,Weekend
20090308,TkB,Weekend
20090314,LnB,Weekend
20090314,NYB,Weekend
20090314,TkB,Weekend
20090315,LnB,Weekend
20090315,NYB,Weekend
20090315,TkB,Weekend
20090321,LnB,Weekend
20090321,NYB,Weekend
20090321,TkB,Weekend
20090322,LnB,Weekend
20090322,NYB,Weekend
20090322,TkB,Weekend
20090328,LnB,Weekend
20090328,NYB,Weekend
20090328,TkB,Weekend
20090329,LnB,Weekend
20090329,NYB,Weekend
20090329,TkB,Weekend
20090402,TkB,Greenery Day
20090404,LnB,Weekend
20090404,NYB,Weekend
20090404,TkB,Weekend
20090405,LnB,Weekend
20090405,NYB,Weekend
20090405,TkB,Weekend
20090411,LnB,Weekend
20090411,NYB,Weekend
20090411,TkB,Weekend
20090412,LnB,Weekend
20090412,NYB,Weekend
20090412,TkB,Weekend
20090418,LnB,Weekend
20090418,NYB,Weekend
20090418,TkB,Weekend
20090419,LnB,Weekend
20090419,NYB,Weekend
20090419,TkB,Weekend
20090425,LnB,Weekend
20090425,NYB,Weekend
20090425,TkB,Weekend
20090426,LnB,Weekend
20090426,NYB,Weekend
20090426,TkB,Weekend
20090502,LnB,Weekend
20090502,NYB,Weekend
20090502,TkB,Weekend
20090503,LnB,Weekend
20090503,NYB,Weekend
20090503,TkB,Weekend
20090509,LnB,Weekend
20090509,NYB,Weekend
20090509,TkB,Weekend
20090510,LnB,Weekend
20090510,NYB,Weekend
20090510,TkB,Weekend
20090516,LnB,Weekend
20090516,NYB,Weekend
20090516,TkB,Weekend
20090517,LnB,Weekend
20090517,NYB,Weekend
20090517,TkB,Weekend
20090518,NYB,Washington's Birthday
20090523,LnB,Weekend
20090523,NYB,Weekend
20090523,TkB,Weekend
20090524,LnB,Weekend
20090524,NYB,Weekend
20090524,TkB,Weekend
20090530,LnB,Weekend
20090530,NYB,Weekend
20090530,TkB,Weekend
20090531,LnB,Weekend
20090531,NYB,Weekend
20090531,TkB,Weekend
20090606,LnB,Weekend
20090606,NYB,Weekend
20090606,TkB,Weekend
20090607,LnB,Weekend
20090607,NYB,Weekend
20090607,TkB,Weekend
20090613,LnB,Weekend
20090613,NYB,Weekend
20090613,TkB,Weekend
20090614,LnB,Weekend
20090614,NYB,Weekend
20090614,TkB,Weekend
20090620,LnB,Weekend
20090620,NYB,Weekend
20090620,TkB,Weekend
20090621,LnB,Weekend
20090621,NYB,Weekend
20090621,TkB,Weekend
20090627,LnB,Weekend
20090627,NYB,Weekend
20090627,TkB,Weekend
20090628,LnB,Weekend
20090628,NYB,Weekend
20090628,TkB,Weekend
20090704,LnB,Weekend
20090704,NYB,Weekend
20090704,TkB,Weekend
20090705,LnB,Weekend
20090705,NYB,Weekend
20090705,TkB,Weekend
20090711,LnB,Weekend
20090711,NYB,Weekend
20090711,TkB,Weekend
20090712,LnB,Weekend
20090712,NYB,Weekend
20090712,TkB,Weekend
20090718,LnB,Weekend
20090718,NYB,Weekend
20090718,TkB,Weekend
20090719,LnB,Weekend
20090719,NYB,Weekend
20090719,TkB,Weekend
20090720,LnB,August Bank Holiday
20090725,LnB,Weekend
20090725,NYB,Weekend
20090725,TkB,Weekend
20090726,LnB,Weekend
20090726,NYB,Weekend
20090726,TkB,Weekend
20090727,LnB,August Bank Holiday
20090727,NYB,Memorial Day
20090801,LnB,Weekend
20090801,NYB,Weekend
20090801,TkB,Weekend
20090802,LnB,Weekend
20090802,NYB,Weekend
20090802,TkB,Weekend
20090808,LnB,Weekend
20090808,NYB,Weekend
20090808,TkB,Weekend
20090809,LnB,Weekend
20090809,NYB,Weekend
20090809,TkB,Weekend
20090815,LnB,Weekend
20090815,NYB,Weekend
20090815,TkB,Weekend
20090816,LnB,Weekend
20090816,NYB,Weekend
20090816,TkB,Weekend
20090822,LnB,Weekend
20090822,NYB,Weekend
20090822,TkB,Weekend
20090823,LnB,Weekend
20090823,NYB,Weekend
20090823,TkB,Weekend
20090829,LnB,Weekend
20090829,NYB,Weekend
20090829,TkB,Weekend
20090830,LnB,Weekend
20090830,NYB,Weekend
20090830,TkB,Weekend
20090905,LnB,Weekend
20090905,NYB,Weekend
20090905,TkB,Weekend
20090906,LnB,Weekend
20090906,NYB,Weekend
20090906,TkB,Weekend
20090907,TkB,Respect for the Aged Day
20090912,LnB,Weekend
20090912,NYB,Weekend
20090912,TkB,Weekend
20090913,LnB,Weekend
20090913,NYB,Weekend
20090913,TkB,Weekend
20090919,LnB,Weekend
20090919,NYB,Weekend
20090919,TkB,Weekend
20090920,LnB,Weekend
20090920,NYB,Weekend
20090920,TkB,Weekend
20090921,NYB,Labor Day
20090923,TkB,Emperor's Birthday
20090926,LnB,Weekend
20090926,NYB,Weekend
20090926,TkB,Weekend
20090927,LnB,Weekend
20090927,NYB,Weekend
20090927,TkB,Weekend
20091003,LnB,Weekend
20091003,NYB,Weekend
20091003,TkB,Weekend
20091004,LnB,Weekend
20091004,NYB,Weekend
20091004,TkB,Weekend
20091010,LnB,Weekend
20091010,NYB,Weekend
20091010,TkB,Weekend
20091011,LnB,Weekend
20091011,NYB,Weekend
20091011,TkB,Weekend
20091017,LnB,Weekend
20091017,NYB,Weekend
20091017,TkB,Weekend
20091018,LnB,Weekend
20091018,NYB,Weekend
20091018,TkB,Weekend
20091019,NYB,Columbus Day
20091019,TkB,Ocean Day
20091024,LnB,Weekend
20091024,NYB,Weekend
20091024,TkB,Weekend
20091025,LnB,Weekend
20091025,NYB,Weekend
20091025,TkB,Weekend
20091031,LnB,Weekend
20091031,NYB,Weekend
20091031,TkB,Weekend
20091101,LnB,Weekend
20091101,NYB,Weekend
20091101,TkB,Weekend
20091102,LnB,May Day
20091107,LnB,Weekend
20091107,NYB,Weekend
20091107,TkB,Weekend
20091108,LnB,Weekend
20091108,NYB,Weekend
20091108,TkB,Weekend
20091113,TkB,Culture Day
20091114,LnB,Weekend
20091114,NYB,Weekend
20091114,TkB,Weekend
20091115,LnB,Weekend
20091115,NYB,Weekend
20091115,TkB,Weekend
20091121,LnB,Weekend
20091121,NYB,Weekend
20091121,TkB,Weekend
20091122,LnB,Weekend
20091122,NYB,Weekend
20091122,TkB,Weekend
20091128,LnB,Weekend
20091128,NYB,Weekend
20091128,TkB,Weekend
20091129,LnB,Weekend
20091129,NYB,Weekend
20091129,TkB,Weekend
20091205,LnB,Weekend
20091205,NYB,Weekend
20091205,TkB,Weekend
20091206,LnB,Weekend
20091206,NYB,Weekend
20091206,TkB,Weekend
20091212,LnB,Weekend
20091212,NYB,Weekend
20091212,TkB,Weekend
20091213,LnB,Weekend
20091213,NYB,Weekend
20091213,TkB,Weekend
20091219,LnB,Weekend
20091219,NYB,Weekend
20091219,TkB,Weekend
20091220,LnB,Weekend
20091220,NYB,Weekend
20091220,TkB,Weekend
20091221,NYB,Martin Luther King's Birthday
20091224,NYB,Thanksgiving Day
20091225,LnB,Christmas Day
20091226,LnB,Weekend
20091226,NYB,Weekend
20091226,TkB,Weekend
20091227,LnB,Weekend
20091227,NYB,Weekend
20091227,TkB,Weekend
20100101,LnB,New Year's Day
20100102,LnB,Weekend
20100102,NYB,Weekend
20100102,TkB,Weekend
20100103,LnB,Weekend
20100103,NYB,Weekend
20100103,TkB,Weekend
20100109,LnB,Weekend
20100109,NYB,Weekend
20100109,TkB,Weekend
20100110,LnB,Weekend
20100110,NYB,Weekend
20100110,TkB,Weekend
20100116,LnB,Weekend
20100116,NYB,Weekend
20100116,TkB,Weekend
20100117,LnB,Weekend
20100117,NYB,Weekend
20100117,TkB,Weekend
20100123,LnB,Weekend
20100123,NYB,Weekend
20100123,TkB,Weekend
20100124,LnB,Weekend
20100124,NYB,Weekend
20100124,TkB,Weekend
20100125,LnB,Spring Bank Holiday
20100130,LnB,Weekend
20100130,NYB,Weekend
20100130,TkB,Weekend
20100131,LnB,Weekend
20100131,NYB,Weekend
20100131,TkB,Weekend
20100201,NYB,New Year's Day
20100206,LnB,Weekend
20100206,NYB,Weekend
20100206,TkB,Weekend
20100207,LnB,Weekend
20100207,NYB,Weekend
20100207,TkB,Weekend
20100213,LnB,Weekend
20100213,NYB,Weekend
20100213,TkB,Weekend
20100214,LnB,Weekend
20100214,NYB,Weekend
20100214,TkB,Weekend
20100220,LnB,Weekend
20100220,NYB,Weekend
20100220,TkB,Weekend
20100221,LnB,Weekend
20100221,NYB,Weekend
20100221,TkB,Weekend
20100227,LnB,Weekend
20100227,NYB,Weekend
20100227,TkB,Weekend
20100228,LnB,Weekend
20100228,NYB,Weekend
20100228,TkB,Weekend
20100301,TkB,New Year's Day
20100306,LnB,Weekend
20100306,NYB,Weekend
20100306,TkB,Weekend
20100307,LnB,Weekend
20100307,NYB,Weekend
20100307,TkB,Weekend
20100313,LnB,Weekend
20100313,NYB,Weekend
20100313,TkB,Weekend
20100314,LnB,Weekend
20100314,NYB,Weekend
20100314,TkB,Weekend
20100320,LnB,Weekend
20100320,NYB,Weekend
20100320,TkB,Weekend
20100321,LnB,Weekend
20100321,NYB,Weekend
20100321,TkB,Weekend
20100327,LnB,Weekend
20100327,NYB,Weekend
20100327,TkB,Weekend
20100328,LnB,Weekend
20100328,NYB,Weekend
20100328,TkB,Weekend
20100402,TkB,Greenery Day
20100403,LnB,Weekend
20100403,NYB,Weekend
20100403,TkB,Weekend
20100404,LnB,Weekend
20100404,NYB,Weekend
20100404,TkB,Weekend
20100410,LnB,Weekend
20100410,NYB,Weekend
20100410,TkB,Weekend
20100411,LnB,Weekend
20100411,NYB,Weekend
20100411,TkB,Weekend
20100417,LnB,Weekend
20100417,NYB,Weekend
20100417,TkB,Weekend
20100418,LnB,Weekend
20100418,NYB,Weekend
20100418,TkB,Weekend
20100424,LnB,Weekend
20100424,NYB,Weekend
20100424,TkB,Weekend
20100425,LnB,Weekend
20100425,NYB,Weekend
20100425,TkB,Weekend
20100501,LnB,Weekend
20100501,NYB,Weekend
20100501,TkB,Weekend
20100502,LnB,Weekend
20100502,NYB,Weekend
20100502,TkB,Weekend
20100508,LnB,Weekend
20100508,NYB,Weekend
20100508,TkB,Weekend
20100509,LnB,Weekend
20100509,NYB,Weekend
20100509,TkB,Weekend
20100515,LnB,Weekend
20100515,NYB,Weekend
20100515,TkB,Weekend
20100516,LnB,Weekend
20100516,NYB,Weekend
20100516,TkB,Weekend
20100517,NYB,Washington's Birthday
20100522,LnB,Weekend
20100522,NYB,Weekend
20100522,TkB,Weekend
20100523,LnB,Weekend
20100523,NYB,Weekend
20100523,TkB,Weekend
20100529,LnB,Weekend
20100529,NYB,Weekend
20100529,TkB,Weekend
20100530,LnB,Weekend
20100530,NYB,Weekend
20100530,TkB,Weekend
20100531,TkB,Bank Holiday
20100605,LnB,Weekend
20100605,NYB,Weekend
20100605,TkB,Weekend
20100606,LnB,Weekend
20100606,NYB,Weekend
20100606,TkB,Weekend
20100612,LnB,Weekend
20100612,NYB,Weekend
20100612,TkB,Weekend
20100613,LnB,Weekend
20100613,NYB,Weekend
20100613,TkB,Weekend
20100619,LnB,Weekend
20100619,NYB,Weekend
20100619,TkB,Weekend
20100620,LnB,Weekend
20100620,NYB,Weekend
20100620,TkB,Weekend
20100626,LnB,Weekend
20100626,NYB,Weekend
20100626,TkB,Weekend
20100627,LnB,Weekend
20100627,NYB,Weekend
20100627,TkB,Weekend
20100703,LnB,Weekend
20100703,NYB,Weekend
20100703,TkB,Weekend
20100704,LnB,Weekend
20100704,NYB,Weekend
20100704,TkB,Weekend
20100710,LnB,Weekend
20100710,NYB,Weekend
20100710,TkB,Weekend
20100711,LnB,Weekend
20100711,NYB,Weekend
20100711,TkB,Weekend
20100717,LnB,Weekend
20100717,NYB,Weekend
20100717,TkB,Weekend
20100718,LnB,Weekend
20100718,NYB,Weekend
20100718,TkB,Weekend
20100724,LnB,Weekend
20100724,NYB,Weekend
20100724,TkB,Weekend
20100725,LnB,Weekend
20100725,NYB,Weekend
20100725,TkB,Weekend
20100726,LnB,August Bank Holiday
20100726,NYB,Memorial Day
20100731,LnB,Weekend
20100731,NYB,Weekend
20100731,TkB,Weekend
20100801,LnB,Weekend
20100801,NYB,Weekend
20100801,TkB,Weekend
20100807,LnB,Weekend
20100807,NYB,Weekend
20100807,TkB,Weekend
20100808,LnB,Weekend
20100808,NYB,Weekend
20100808,TkB,Weekend
20100814,LnB,Weekend
20100814,NYB,Weekend
20100814,TkB,Weekend
20100815,LnB,Weekend
20100815,NYB,Weekend
20100815,TkB,Weekend
20100821,LnB,Weekend
20100821,NYB,Weekend
20100821,TkB,Weekend
20100822,LnB,Weekend
20100822,NYB,Weekend
20100822,TkB,Weekend
20100823,TkB,Labour Thanksgiving Day
20100828,LnB,Weekend
20100828,NYB,Weekend
20100828,TkB,Weekend
20100829,LnB,Weekend
20100829,NYB,Weekend
20100829,TkB,Weekend
20100904,LnB,Weekend
20100904,NYB,Weekend
20100904,TkB,Weekend
20100905,LnB,Weekend
20100905,NYB,Weekend
20100905,TkB,Weekend
20100906,TkB,Respect for the Aged Day
20100911,LnB,Weekend
20100911,NYB,Weekend
20100911,TkB,Weekend
20100912,LnB,Weekend
20100912,NYB,Weekend
20100912,TkB,Weekend
20100918,LnB,Weekend
20100918,NYB,Weekend
20100918,TkB,Weekend
20100919,LnB,Weekend
20100919,NYB,Weekend
20100919,TkB,Weekend
20100923,TkB,Emperor's Birthday
20100925,LnB,Weekend
20100925,NYB,Weekend
20100925,TkB,Weekend
20100926,LnB,Weekend
20100926,NYB,Weekend
20100926,TkB,Weekend
20100927,NYB,Labor Day
20101002,LnB,Weekend
20101002,NYB,Weekend
20101002,TkB,Weekend
20101003,LnB,Weekend
20101003,NYB,Weekend
20101003,TkB,Weekend
20101004,NYB,Independence Day
20101009,LnB,Weekend
20101009,NYB,Weekend
20101009,TkB,Weekend
20101010,LnB,Weekend
20101010,NYB,Weekend
20101010,TkB,Weekend
20101016,LnB,Weekend
20101016,NYB,Weekend
20101016,TkB,Weekend
20101017,LnB,Weekend
20101017,NYB,Weekend
20101017,TkB,Weekend
20101018,NYB,Columbus Day
20101018,TkB,Ocean Day
20101023,LnB,Weekend
20101023,NYB,Weekend
20101023,TkB,Weekend
20101024,LnB,Weekend
20101024,NYB,Weekend
20101024,TkB,Weekend
20101030,LnB,Weekend
20101030,NYB,Weekend
20101030,TkB,Weekend
20101031,LnB,Weekend
20101031,NYB,Weekend
20101031,TkB,Weekend
20101101,LnB,May Day
20101101,NYB,Veterans Day
20101106,LnB,Weekend
20101106,NYB,Weekend
20101106,TkB,Weekend
20101107,LnB,Weekend
20101107,NYB,Weekend
20101107,TkB,Weekend
20101113,LnB,Weekend
20101113,NYB,Weekend
20101113,TkB,Weekend
20101114,LnB,Weekend
20101114,NYB,Weekend
20101114,TkB,Weekend
20101120,LnB,Weekend
20101120,NYB,Weekend
20101120,TkB,Weekend
20101121,LnB,Weekend
20101121,NYB,Weekend
20101121,TkB,Weekend
20101127,LnB,Weekend
20101127,NYB,Weekend
20101127,TkB,Weekend
20101128,LnB,Weekend
20101128,NYB,Weekend
20101128,TkB,Weekend
20101204,LnB,Weekend
20101204,NYB,Weekend
20101204,TkB,Weekend
20101205,LnB,Weekend
20101205,NYB,Weekend
20101205,TkB,Weekend
20101211,LnB,Weekend
20101211,NYB,Weekend
20101211,TkB,Weekend
20101212,LnB,Weekend
20101212,NYB,Weekend
20101212,TkB,Weekend
20101218,LnB,Weekend
20101218,NYB,Weekend
20101218,TkB,Weekend
20101219,LnB,Weekend
20101219,NYB,Weekend
20101219,TkB,Weekend
20101220,NYB,Martin Luther King's Birthday
20101223,NYB,Thanksgiving Day
20101225,LnB,Weekend
20101225,NYB,Weekend
20101225,TkB,Weekend
20101226,LnB,Weekend
20101226,NYB,Weekend
20101226,TkB,Weekend
20110101,LnB,Weekend
20110101,NYB,Weekend
20110101,TkB,Weekend
20110102,LnB,Weekend
20110102,NYB,Weekend
20110102,TkB,Weekend
20110108,LnB,Weekend
20110108,NYB,Weekend
20110108,TkB,Weekend
20110109,LnB,Weekend
20110109,NYB,Weekend
20110109,TkB,Weekend
20110115,LnB,Weekend
20110115,NYB,Weekend
20110115,TkB,Weekend
20110116,LnB,Weekend
20110116,NYB,Weekend
20110116,TkB,Weekend
20110122,LnB,Weekend
20110122,NYB,Weekend
20110122,TkB,Weekend
20110123,LnB,Weekend
20110123,NYB,Weekend
20110123,TkB,Weekend
20110129,LnB,Weekend
20110129,NYB,Weekend
20110129,TkB,Weekend
20110130,LnB,Weekend
20110130,NYB,Weekend
20110130,TkB,Weekend
20110131,LnB,Spring Bank Holiday
20110201,NYB,New Year's Day
20110205,LnB,Weekend
20110205,NYB,Weekend
20110205,TkB,Weekend
20110206,LnB,Weekend
20110206,NYB,Weekend
20110206,TkB,Weekend
20110212,LnB,Weekend
20110212,NYB,Weekend
20110212,TkB,Weekend
20110213,LnB,Weekend
20110213,NYB,Weekend
20110213,TkB,Weekend
20110219,LnB,Weekend
20110219,NYB,Weekend
20110219,TkB,Weekend
20110220,LnB,Weekend
20110220,NYB,Weekend
20110220,TkB,Weekend
20110221,TkB,National Foundation Day
20110226,LnB,Weekend
20110226,NYB,Weekend
20110226,TkB,Weekend
20110227,LnB,Weekend
20110227,NYB,Weekend
20110227,TkB,Weekend
20110301,TkB,New Year's Day
20110305,LnB,Weekend
20110305,NYB,Weekend
20110305,TkB,Weekend
20110306,LnB,Weekend
20110306,NYB,Weekend
20110306,TkB,Weekend
20110312,LnB,Weekend
20110312,NYB,Weekend
20110312,TkB,Weekend
20110313,LnB,Weekend
20110313,NYB,Weekend
20110313,TkB,Weekend
20110319,LnB,Weekend
20110319,NYB,Weekend
20110319,TkB,Weekend
20110320,LnB,Weekend
20110320,NYB,Weekend
20110320,TkB,Weekend
20110326,LnB,Weekend
20110326,NYB,Weekend
20110326,TkB,Weekend
20110327,LnB,Weekend
20110327,NYB,Weekend
20110327,TkB,Weekend
20110402,LnB,Weekend
20110402,NYB,Weekend
20110402,TkB,Weekend
20110403,LnB,Weekend
20110403,NYB,Weekend
20110403,TkB,Weekend
20110409,LnB,Weekend
20110409,NYB,Weekend
20110409,TkB,Weekend
20110410,LnB,Weekend
20110410,NYB,Weekend
20110410,TkB,Weekend
20110416,LnB,Weekend
20110416,NYB,Weekend
20110416,TkB,Weekend
20110417,LnB,Weekend
20110417,NYB,Weekend
20110417,TkB,Weekend
20110423,LnB,Weekend
20110423,NYB,Weekend
20110423,TkB,Weekend
20110424,LnB,Weekend
20110424,NYB,Weekend
20110424,TkB,Weekend
20110425,NYB,Christmas Day
20110430,LnB,Weekend
20110430,NYB,Weekend
20110430,TkB,Weekend
20110501,LnB,Weekend
20110501,NYB,Weekend
20110501,TkB,Weekend
20110507,LnB,Weekend
20110507,NYB,Weekend
20110507,TkB,Weekend
20110508,LnB,Weekend
20110508,NYB,Weekend
20110508,TkB,Weekend
20110514,LnB,Weekend
20110514,NYB,Weekend
20110514,TkB,Weekend
20110515,LnB,Weekend
20110515,NYB,Weekend
20110515,TkB,Weekend
20110516,NYB,Washington's Birthday
20110521,LnB,Weekend
20110521,NYB,Weekend
20110521,TkB,Weekend
20110522,LnB,Weekend
20110522,NYB,Weekend
20110522,TkB,Weekend
20110528,LnB,Weekend
20110528,NYB,Weekend
20110528,TkB,Weekend
20110529,LnB,Weekend
20110529,NYB,Weekend
20110529,TkB,Weekend
20110531,TkB,Bank Holiday
20110604,LnB,Weekend
20110604,NYB,Weekend
20110604,TkB,Weekend
20110605,LnB,Weekend
20110605,NYB,Weekend
20110605,TkB,Weekend
20110611,LnB,Weekend
20110611,NYB,Weekend
20110611,TkB,Weekend
20110612,LnB,Weekend
20110612,NYB,Weekend
20110612,TkB,Weekend
20110618,LnB,Weekend
20110618,NYB,Weekend
20110618,TkB,Weekend
20110619,LnB,Weekend
20110619,NYB,Weekend
20110619,TkB,Weekend
20110625,LnB,Weekend
20110625,NYB,Weekend
20110625,TkB,Weekend
20110626,LnB,Weekend
20110626,NYB,Weekend
20110626,TkB,Weekend
20110702,LnB,Weekend
20110702,NYB,Weekend
20110702,TkB,Weekend
20110703,LnB,Weekend
20110703,NYB,Weekend
20110703,TkB,Weekend
20110709,LnB,Weekend
20110709,NYB,Weekend
20110709,TkB,Weekend
20110710,LnB,Weekend
20110710,NYB,Weekend
20110710,TkB,Weekend
20110716,LnB,Weekend
20110716,NYB,Weekend
20110716,TkB,Weekend
20110717,LnB,Weekend
20110717,NYB,Weekend
20110717,TkB,Weekend
20110723,LnB,Weekend
20110723,NYB,Weekend
20110723,TkB,Weekend
20110724,LnB,Weekend
20110724,NYB,Weekend
20110724,TkB,Weekend
20110725,LnB,August Bank Holiday
20110725,NYB,Memorial Day
20110730,LnB,Weekend
20110730,NYB,Weekend
20110730,TkB,Weekend
20110731,LnB,Weekend
20110731,NYB,Weekend
20110731,TkB,Weekend
20110806,LnB,Weekend
20110806,NYB,Weekend
20110806,TkB,Weekend
20110807,LnB,Weekend
20110807,NYB,Weekend
20110807,TkB,Weekend
20110813,LnB,Weekend
20110813,NYB,Weekend
20110813,TkB,Weekend
20110814,LnB,Weekend
20110814,NYB,Weekend
20110814,TkB,Weekend
20110820,LnB,Weekend
20110820,NYB,Weekend
20110820,TkB,Weekend
20110821,LnB,Weekend
20110821,NYB,Weekend
20110821,TkB,Weekend
20110823,TkB,Labour Thanksgiving Day
20110827,LnB,Weekend
20110827,NYB,Weekend
20110827,TkB,Weekend
20110828,LnB,Weekend
20110828,NYB,Weekend
20110828,TkB,Weekend
20110903,LnB,Weekend
20110903,NYB,Weekend
20110903,TkB,Weekend
20110904,LnB,Weekend
20110904,NYB,Weekend
20110904,TkB,Weekend
20110905,TkB,Respect for the Aged Day
20110910,LnB,Weekend
20110910,NYB,Weekend
20110910,TkB,Weekend
20110911,LnB,Weekend
20110911,NYB,Weekend
20110911,TkB,Weekend
20110917,LnB,Weekend
20110917,NYB,Weekend
20110917,TkB,Weekend
20110918,LnB,Weekend
20110918,NYB,Weekend
20110918,TkB,Weekend
20110923,TkB,Emperor's Birthday
20110924,LnB,Weekend
20110924,NYB,Weekend
20110924,TkB,Weekend
20110925,LnB,Weekend
20110925,NYB,Weekend
20110925,TkB,Weekend
20110926,NYB,Labor Day
20111001,LnB,Weekend
20111001,NYB,Weekend
20111001,TkB,Weekend
20111002,LnB,Weekend
20111002,NYB,Weekend
20111002,TkB,Weekend
20111004,NYB,Independence Day
20111008,LnB,Weekend
20111008,NYB,Weekend
20111008,TkB,Weekend
20111009,LnB,Weekend
20111009,NYB,Weekend
20111009,TkB,Weekend
20111015,LnB,Weekend
20111015,NYB,Weekend
20111015,TkB,Weekend
20111016,LnB,Weekend
20111016,NYB,Weekend
20111016,TkB,Weekend
20111017,TkB,Ocean Day
20111022,LnB,Weekend
20111022,NYB,Weekend
20111022,TkB,Weekend
20111023,LnB,Weekend
20111023,NYB,Weekend
20111023,TkB,Weekend
20111024,NYB,Columbus Day
20111029,LnB,Weekend
20111029,NYB,Weekend
20111029,TkB,Weekend
20111030,LnB,Weekend
20111030,NYB,Weekend
20111030,TkB,Weekend
20111101,NYB,Veterans Day
20111105,LnB,Weekend
20111105,NYB,Weekend
20111105,TkB,Weekend
20111106,LnB,Weekend
20111106,NYB,Weekend
20111106,TkB,Weekend
20111107,LnB,May Day
20111112,LnB,Weekend
20111112,NYB,Weekend
20111112,TkB,Weekend
20111113,LnB,Weekend
20111113,NYB,Weekend
20111113,TkB,Weekend
20111119,LnB,Weekend
20111119,NYB,Weekend
20111119,TkB,Weekend
20111120,LnB,Weekend
20111120,NYB,Weekend
20111120,TkB,Weekend
20111126,LnB,Weekend
20111126,NYB,Weekend
20111126,TkB,Weekend
20111127,LnB,Weekend
20111127,NYB,Weekend
20111127,TkB,Weekend
20111203,LnB,Weekend
20111203,NYB,Weekend
20111203,TkB,Weekend
20111204,LnB,Weekend
20111204,NYB,Weekend
20111204,TkB,Weekend
20111210,LnB,Weekend
20111210,NYB,Weekend
20111210,TkB,Weekend
20111211,LnB,Weekend
20111211,NYB,Weekend
20111211,TkB,Weekend
20111217,LnB,Weekend
20111217,NYB,Weekend
20111217,TkB,Weekend
20111218,LnB,Weekend
20111218,NYB,Weekend
20111218,TkB,Weekend
20111219,NYB,Martin Luther King's Birthday
20111222,NYB,Thanksgiving Day
20111224,LnB,Weekend
20111224,NYB,Weekend
20111224,TkB,Weekend
20111225,LnB,Weekend
20111225,NYB,Weekend
20111225,TkB,Weekend
20111226,LnB,Boxing Day
20111231,LnB,Weekend
20111231,NYB,Weekend
20111231,TkB,Weekend
20120101,LnB,Weekend
20120101,NYB,Weekend
20120101,TkB,Weekend
20120107,LnB,Weekend
20120107,NYB,Weekend
20120107,TkB,Weekend
20120108,LnB,Weekend
20120108,NYB,Weekend
20120108,TkB,Weekend
20120114,LnB,Weekend
20120114,NYB,Weekend
20120114,TkB,Weekend
20120115,LnB,Weekend
20120115,NYB,Weekend
20120115,TkB,Weekend
20120121,LnB,Weekend
20120121,NYB,Weekend
20120121,TkB,Weekend
20120122,LnB,Weekend
20120122,NYB,Weekend
20120122,TkB,Weekend
20120128,LnB,Weekend
20120128,NYB,Weekend
20120128,TkB,Weekend
20120129,LnB,Weekend
20120129,NYB,Weekend
20120129,TkB,Weekend
20120130,LnB,Spring Bank Holiday
20120201,NYB,New Year's Day
20120204,LnB,Weekend
20120204,NYB,Weekend
20120204,TkB,Weekend
20120205,LnB,Weekend
20120205,NYB,Weekend
20120205,TkB,Weekend
20120211,LnB,Weekend
20120211,NYB,Weekend
20120211,TkB,Weekend
20120212,LnB,Weekend
20120212,NYB,Weekend
20120212,TkB,Weekend
20120218,LnB,Weekend
20120218,NYB,Weekend
20120218,TkB,Weekend
20120219,LnB,Weekend
20120219,NYB,Weekend
20120219,TkB,Weekend
20120221,TkB,National Foundation Day
20120225,LnB,Weekend
20120225,NYB,Weekend
20120225,TkB,Weekend
20120226,LnB,Weekend
20120226,NYB,Weekend
20120226,TkB,Weekend
20120301,TkB,New Year's Day
20120303,LnB,Weekend
20120303,NYB,Weekend
20120303,TkB,Weekend
20120304,LnB,Weekend
20120304,NYB,Weekend
20120304,TkB,Weekend
20120310,LnB,Weekend
20120310,NYB,Weekend
20120310,TkB,Weekend
20120311,LnB,Weekend
20120311,NYB,Weekend
20120311,TkB,Weekend
20120317,LnB,Weekend
20120317,NYB,Weekend
20120317,TkB,Weekend
20120318,LnB,Weekend
20120318,NYB,Weekend
20120318,TkB,Weekend
20120324,LnB,Weekend
20120324,NYB,Weekend
20120324,TkB,Weekend
20120325,LnB,Weekend
20120325,NYB,Weekend
20120325,TkB,Weekend
20120331,LnB,Weekend
20120331,NYB,Weekend
20120331,TkB,Weekend
20120401,LnB,Weekend
20120401,NYB,Weekend
20120401,TkB,Weekend
20120402,TkB,Greenery Day
20120407,LnB,Weekend
20120407,NYB,Weekend
20120407,TkB,Weekend
20120408,LnB,Weekend
20120408,NYB,Weekend
20120408,TkB,Weekend
20120414,LnB,Weekend
20120414,NYB,Weekend
20120414,TkB,Weekend
20120415,LnB,Weekend
20120415,NYB,Weekend
20120415,TkB,Weekend
20120421,LnB,Weekend
20120421,NYB,Weekend
20120421,TkB,Weekend
20120422,LnB,Weekend
20120422,NYB,Weekend
20120422,TkB,Weekend
20120425,NYB,Christmas Day
20120428,LnB,Weekend
20120428,NYB,Weekend
20120428,TkB,Weekend
20120429,LnB,Weekend
20120429,NYB,Weekend
20120429,TkB,Weekend
20120505,LnB,Weekend
20120505,NYB,Weekend
20120505,TkB,Weekend
20120506,LnB,Weekend
20120506,NYB,Weekend
20120506,TkB,Weekend
20120512,LnB,Weekend
20120512,NYB,Weekend
20120512,TkB,Weekend
20120513,LnB,Weekend
20120513,NYB,Weekend
20120513,TkB,Weekend
20120519,LnB,Weekend
20120519,NYB,Weekend
20120519,TkB,Weekend
20120520,LnB,Weekend
20120520,NYB,Weekend
20120520,TkB,Weekend
20120521,NYB,Washington's Birthday
20120526,LnB,Weekend
20120526,NYB,Weekend
20120526,TkB,Weekend
20120527,LnB,Weekend
20120527,NYB,Weekend
20120527,TkB,Weekend
20120531,TkB,Bank Holiday
20120602,LnB,Weekend
20120602,NYB,Weekend
20120602,TkB,Weekend
20120603,LnB,Weekend
20120603,NYB,Weekend
20120603,TkB,Weekend
20120609,LnB,Weekend
20120609,NYB,Weekend
20120609,TkB,Weekend
20120610,LnB,Weekend
20120610,NYB,Weekend
20120610,TkB,Weekend
20120616,LnB,Weekend
20120616,NYB,Weekend
20120616,TkB,Weekend
20120617,LnB,Weekend
20120617,NYB,Weekend
20120617,TkB,Weekend
20120623,LnB,Weekend
20120623,NYB,Weekend
20120623,TkB,Weekend
20120624,LnB,Weekend
20120624,NYB,Weekend
20120624,TkB,Weekend
20120630,LnB,Weekend
20120630,NYB,Weekend
20120630,TkB,Weekend
20120701,LnB,Weekend
20120701,NYB,Weekend
20120701,TkB,Weekend
20120707,LnB,Weekend
20120707,NYB,Weekend
20120707,TkB,Weekend
20120708,LnB,Weekend
20120708,NYB,Weekend
20120708,TkB,Weekend
20120714,LnB,Weekend
20120714,NYB,Weekend
20120714,TkB,Weekend
20120715,LnB,Weekend
20120715,NYB,Weekend
20120715,TkB,Weekend
20120721,LnB,Weekend
20120721,NYB,Weekend
20120721,TkB,Weekend
20120722,LnB,Weekend
20120722,NYB,Weekend
20120722,TkB,Weekend
20120723,LnB,August Bank Holiday
20120728,LnB,Weekend
20120728,NYB,Weekend
20120728,TkB,Weekend
20120729,LnB,Weekend
20120729,NYB,Weekend
20120729,TkB,Weekend
20120730,NYB,Memorial Day
20120804,LnB,Weekend
20120804,NYB,Weekend
20120804,TkB,Weekend
20120805,LnB,Weekend
20120805,NYB,Weekend
20120805,TkB,Weekend
20120811,LnB,Weekend
20120811,NYB,Weekend
20120811,TkB,Weekend
20120812,LnB,Weekend
20120812,NYB,Weekend
20120812,TkB,Weekend
20120818,LnB,Weekend
20120818,NYB,Weekend
20120818,TkB,Weekend
20120819,LnB,Weekend
20120819,NYB,Weekend
20120819,TkB,Weekend
20120823,TkB,Labour Thanksgiving Day
20120825,LnB,Weekend
20120825,NYB,Weekend
20120825,TkB,Weekend
20120826,LnB,Weekend
20120826,NYB,Weekend
20120826,TkB,Weekend
20120901,LnB,Weekend
20120901,NYB,Weekend
20120901,TkB,Weekend
20120902,LnB,Weekend
20120902,NYB,Weekend
20120902,TkB,Weekend
20120908,LnB,Weekend
20120908,NYB,Weekend
20120908,TkB,Weekend
20120909,LnB,Weekend
20120909,NYB,Weekend
20120909,TkB,Weekend
20120910,TkB,Respect for the Aged Day
20120915,LnB,Weekend
20120915,NYB,Weekend
20120915,TkB,Weekend
20120916,LnB,Weekend
20120916,NYB,Weekend
20120916,TkB,Weekend
20120922,LnB,Weekend
20120922,NYB,Weekend
20120922,TkB,Weekend
20120923,LnB,Weekend
20120923,NYB,Weekend
20120923,TkB,Weekend
20120924,NYB,Labor Day
20120929,LnB,Weekend
20120929,NYB,Weekend
20120929,TkB,Weekend
20120930,LnB,Weekend
20120930,NYB,Weekend
20120930,TkB,Weekend
20121004,NYB,Independence Day
20121006,LnB,Weekend
20121006,NYB,Weekend
20121006,TkB,Weekend
20121007,LnB,Weekend
20121007,NYB,Weekend
20121007,TkB,Weekend
20121013,LnB,Weekend
20121013,NYB,Weekend
20121013,TkB,Weekend
20121014,LnB,Weekend
20121014,NYB,Weekend
20121014,TkB,Weekend
20121015,TkB,Ocean Day
20121020,LnB,Weekend
20121020,NYB,Weekend
20121020,TkB,Weekend
20121021,LnB,Weekend
20121021,NYB,Weekend
20121021,TkB,Weekend
20121022,NYB,Columbus Day
20121027,LnB,Weekend
20121027,NYB,Weekend
20121027,TkB,Weekend
20121028,LnB,Weekend
20121028,NYB,Weekend
20121028,TkB,Weekend
20121101,NYB,Veterans Day
20121103,LnB,Weekend
20121103,NYB,Weekend
20121103,TkB,Weekend
20121104,LnB,Weekend
20121104,NYB,Weekend
20121104,TkB,Weekend
20121105,LnB,May Day
20121110,LnB,Weekend
20121110,NYB,Weekend
20121110,TkB,Weekend
20121111,LnB,Weekend
20121111,NYB,Weekend
20121111,TkB,Weekend
20121113,TkB,Culture Day
20121117,LnB,Weekend
20121117,NYB,Weekend
20121117,TkB,Weekend
20121118,LnB,Weekend
20121118,NYB,Weekend
20121118,TkB,Weekend
20121124,LnB,Weekend
20121124,NYB,Weekend
20121124,TkB,Weekend
20121125,LnB,Weekend
20121125,NYB,Weekend
20121125,TkB,Weekend
20121201,LnB,Weekend
20121201,NYB,Weekend
20121201,TkB,Weekend
20121202,LnB,Weekend
20121202,NYB,Weekend
20121202,TkB,Weekend
20121208,LnB,Weekend
20121208,NYB,Weekend
20121208,TkB,Weekend
20121209,LnB,Weekend
20121209,NYB,Weekend
20121209,TkB,Weekend
20121215,LnB,Weekend
20121215,NYB,Weekend
20121215,TkB,Weekend
20121216,LnB,Weekend
20121216,NYB,Weekend
20121216,TkB,Weekend
20121217,NYB,Martin Luther King's Birthday
20121222,LnB,Weekend
20121222,NYB,Weekend
20121222,TkB,Weekend
20121223,LnB,Weekend
20121223,NYB,Weekend
20121223,TkB,Weekend
20121225,LnB,Christmas Day
20121226,LnB,Boxing Day
20121227,NYB,Thanksgiving Day
20121229,LnB,Weekend
20121229,NYB,Weekend
20121229,TkB,Weekend
20121230,LnB,Weekend
20121230,NYB,Weekend
20121230,TkB,Weekend
20130101,LnB,New Year's Day
20130105,LnB,Weekend
20130105,NYB,Weekend
20130105,TkB,Weekend
20130106,LnB,Weekend
20130106,NYB,Weekend
20130106,TkB,Weekend
20130112,LnB,Weekend
20130112,NYB,Weekend
20130112,TkB,Weekend
20130113,LnB,Weekend
20130113,NYB,Weekend
20130113,TkB,Weekend
20130119,LnB,Weekend
20130119,NYB,Weekend
20130119,TkB,Weekend
20130120,LnB,Weekend
20130120,NYB,Weekend
20130120,TkB,Weekend
20130126,LnB,Weekend
20130126,NYB,Weekend
20130126,TkB,Weekend
20130127,LnB,Weekend
20130127,NYB,Weekend
20130127,TkB,Weekend
20130128,LnB,Spring Bank Holiday
20130201,NYB,New Year's Day
20130202,LnB,Weekend
20130202,NYB,Weekend
20130202,TkB,Weekend
20130203,LnB,Weekend
20130203,NYB,Weekend
20130203,TkB,Weekend
20130209,LnB,Weekend
20130209,NYB,Weekend
20130209,TkB,Weekend
20130210,LnB,Weekend
20130210,NYB,Weekend
20130210,TkB,Weekend
20130216,LnB,Weekend
20130216,NYB,Weekend
20130216,TkB,Weekend
20130217,LnB,Weekend
20130217,NYB,Weekend
20130217,TkB,Weekend
20130221,TkB,National Foundation Day
20130223,LnB,Weekend
20130223,NYB,Weekend
20130223,TkB,Weekend
20130224,LnB,Weekend
20130224,NYB,Weekend
20130224,TkB,Weekend
20130301,TkB,New Year's Day
20130302,LnB,Weekend
20130302,NYB,Weekend
20130302,TkB,Weekend
20130303,LnB,Weekend
20130303,NYB,Weekend
20130303,TkB,Weekend
20130309,LnB,Weekend
20130309,NYB,Weekend
20130309,TkB,Weekend
20130310,LnB,Weekend
20130310,NYB,Weekend
20130310,TkB,Weekend
20130316,LnB,Weekend
20130316,NYB,Weekend
20130316,TkB,Weekend
20130317,LnB,Weekend
20130317,NYB,Weekend
20130317,TkB,Weekend
20130323,LnB,Weekend
20130323,NYB,Weekend
20130323,TkB,Weekend
20130324,LnB,Weekend
20130324,NYB,Weekend
20130324,TkB,Weekend
20130330,LnB,Weekend
20130330,NYB,Weekend
20130330,TkB,Weekend
20130331,LnB,Weekend
20130331,NYB,Weekend
20130331,TkB,Weekend
20130402,TkB,Greenery Day
20130406,LnB,Weekend
20130406,NYB,Weekend
20130406,TkB,Weekend
20130407,LnB,Weekend
20130407,NYB,Weekend
20130407,TkB,Weekend
20130413,LnB,Weekend
20130413,NYB,Weekend
20130413,TkB,Weekend
20130414,LnB,Weekend
20130414,NYB,Weekend
20130414,TkB,Weekend
20130420,LnB,Weekend
20130420,NYB,Weekend
20130420,TkB,Weekend
20130421,LnB,Weekend
20130421,NYB,Weekend
20130421,TkB,Weekend
20130425,NYB,Christmas Day
20130427,LnB,Weekend
20130427,NYB,Weekend
20130427,TkB,Weekend
20130428,LnB,Weekend
20130428,NYB,Weekend
20130428,TkB,Weekend
20130504,LnB,Weekend
20130504,NYB,Weekend
20130504,TkB,Weekend
20130505,LnB,Weekend
20130505,NYB,Weekend
20130505,TkB,Weekend
20130511,LnB,Weekend
20130511,NYB,Weekend
20130511,TkB,Weekend
20130512,LnB,Weekend
20130512,NYB,Weekend
20130512,TkB,Weekend
20130518,LnB,Weekend
20130518,NYB,Weekend
20130518,TkB,Weekend
20130519,LnB,Weekend
20130519,NYB,Weekend
20130519,TkB,Weekend
20130520,NYB,Washington's Birthday
20130525,LnB,Weekend
20130525,NYB,Weekend
20130525,TkB,Weekend
20130526,LnB,Weekend
20130526,NYB,Weekend
20130526,TkB,Weekend
20130531,TkB,Bank Holiday
20130601,LnB,Weekend
20130601,NYB,Weekend
20130601,TkB,Weekend
20130602,LnB,Weekend
20130602,NYB,Weekend
20130602,TkB,Weekend
20130608,LnB,Weekend
20130608,NYB,Weekend
20130608,TkB,Weekend
20130609,LnB,Weekend
20130609,NYB,Weekend
20130609,TkB,Weekend
20130615,LnB,Weekend
20130615,NYB,Weekend
20130615,TkB,Weekend
20130616,LnB,Weekend
20130616,NYB,Weekend
20130616,TkB,Weekend
20130622,LnB,Weekend
20130622,NYB,Weekend
20130622,TkB,Weekend
20130623,LnB,Weekend
20130623,NYB,Weekend
20130623,TkB,Weekend
20130629,LnB,Weekend
20130629,NYB,Weekend
20130629,TkB,Weekend
20130630,LnB,Weekend
20130630,NYB,Weekend
20130630,TkB,Weekend
20130706,LnB,Weekend
20130706,NYB,Weekend
20130706,TkB,Weekend
20130707,LnB,Weekend
20130707,NYB,Weekend
20130707,TkB,Weekend
20130713,LnB,Weekend
20130713,NYB,Weekend
20130713,TkB,Weekend
20130714,LnB,Weekend
20130714,NYB,Weekend
20130714,TkB,Weekend
20130720,LnB,Weekend
20130720,NYB,Weekend
20130720,TkB,Weekend
20130721,LnB,Weekend
20130721,NYB,Weekend
20130721,TkB,Weekend
20130727,LnB,Weekend
20130727,NYB,Weekend
20130727,TkB,Weekend
20130728,LnB,Weekend
20130728,NYB,Weekend
20130728,TkB,Weekend
20130729,NYB,Memorial Day
20130803,LnB,Weekend
20130803,NYB,Weekend
20130803,TkB,Weekend
20130804,LnB,Weekend
20130804,NYB,Weekend
20130804,TkB,Weekend
20130810,LnB,Weekend
20130810,NYB,Weekend
20130810,TkB,Weekend
20130811,LnB,Weekend
20130811,NYB,Weekend
20130811,TkB,Weekend
20130817,LnB,Weekend
20130817,NYB,Weekend
20130817,TkB,Weekend
20130818,LnB,Weekend
20130818,NYB,Weekend
20130818,TkB,Weekend
20130823,TkB,Labour Thanksgiving Day
20130824,LnB,Weekend
20130824,NYB,Weekend
20130824,TkB,Weekend
20130825,LnB,Weekend
20130825,NYB,Weekend
20130825,TkB,Weekend
20130831,LnB,Weekend
20130831,NYB,Weekend
20130831,TkB,Weekend
20130901,LnB,Weekend
20130901,NYB,Weekend
20130901,TkB,Weekend
20130907,LnB,Weekend
20130907,NYB,Weekend
20130907,TkB,Weekend
20130908,LnB,Weekend
20130908,NYB,Weekend
20130908,TkB,Weekend
20130909,TkB,Respect for the Aged Day
20130914,LnB,Weekend
20130914,NYB,Weekend
20130914,TkB,Weekend
20130915,LnB,Weekend
20130915,NYB,Weekend
20130915,TkB,Weekend
20130921,LnB,Weekend
20130921,NYB,Weekend
20130921,TkB,Weekend
20130922,LnB,Weekend
20130922,NYB,Weekend
20130922,TkB,Weekend
20130923,NYB,Labor Day
20130923,TkB,Emperor's Birthday
20130928,LnB,Weekend
20130928,NYB,Weekend
20130928,TkB,Weekend
20130929,LnB,Weekend
20130929,NYB,Weekend
20130929,TkB,Weekend
20131004,NYB,Independence Day
20131005,LnB,Weekend
20131005,NYB,Weekend
20131005,TkB,Weekend
20131006,LnB,Weekend
20131006,NYB,Weekend
20131006,TkB,Weekend
20131012,LnB,Weekend
20131012,NYB,Weekend
20131012,TkB,Weekend
20131013,LnB,Weekend
20131013,NYB,Weekend
20131013,TkB,Weekend
20131019,LnB,Weekend
20131019,NYB,Weekend
20131019,TkB,Weekend
20131020,LnB,Weekend
20131020,NYB,Weekend
20131020,TkB,Weekend
20131021,NYB,Columbus Day
20131021,TkB,Ocean Day
20131026,LnB,Weekend
20131026,NYB,Weekend
20131026,TkB,Weekend
20131027,LnB,Weekend
20131027,NYB,Weekend
20131027,TkB,Weekend
20131101,NYB,Veterans Day
20131102,LnB,Weekend
20131102,NYB,Weekend
20131102,TkB,Weekend
20131103,LnB,Weekend
20131103,NYB,Weekend
20131103,TkB,Weekend
20131104,LnB,May Day
20131109,LnB,Weekend
20131109,NYB,Weekend
20131109,TkB,Weekend
20131110,LnB,Weekend
20131110,NYB,Weekend
20131110,TkB,Weekend
20131113,TkB,Culture Day
20131116,LnB,Weekend
20131116,NYB,Weekend
20131116,TkB,Weekend
20131117,LnB,Weekend
20131117,NYB,Weekend
20131117,TkB,Weekend
20131123,LnB,Weekend
20131123,NYB,Weekend
20131123,TkB,Weekend
20131124,LnB,Weekend
20131124,NYB,Weekend
20131124,TkB,Weekend
20131130,LnB,Weekend
20131130,NYB,Weekend
20131130,TkB,Weekend
20131201,LnB,Weekend
20131201,NYB,Weekend
20131201,TkB,Weekend
20131207,LnB,Weekend
20131207,NYB,Weekend
20131207,TkB,Weekend
20131208,LnB,Weekend
20131208,NYB,Weekend
20131208,TkB,Weekend
20131214,LnB,Weekend
20131214,NYB,Weekend
20131214,TkB,Weekend
20131215,LnB,Weekend
20131215,NYB,Weekend
20131215,TkB,Weekend
20131216,NYB,Martin Luther King's Birthday
20131221,LnB,Weekend
20131221,NYB,Weekend
20131221,TkB,Weekend
20131222,LnB,Weekend
20131222,NYB,Weekend
20131222,TkB,Weekend
20131225,LnB,Christmas Day
20131226,LnB,Boxing Day
20131226,NYB,Thanksgiving Day
20131228,LnB,Weekend
20131228,NYB,Weekend
20131228,TkB,Weekend
20131229,LnB,Weekend
20131229,NYB,Weekend
20131229,TkB,Weekend
20140101,LnB,New Year's Day
20140104,LnB,Weekend
20140104,NYB,Weekend
20140104,TkB,Weekend
20140105,LnB,Weekend
20140105,NYB,Weekend
20140105,TkB,Weekend
20140111,LnB,Weekend
20140111,NYB,Weekend
20140111,TkB,Weekend
20140112,LnB,Weekend
20140112,NYB,Weekend
20140112,TkB,Weekend
20140118,LnB,Weekend
20140118,NYB,Weekend
20140118,TkB,Weekend
20140119,LnB,Weekend
20140119,NYB,Weekend
20140119,TkB,Weekend
20140125,LnB,Weekend
20140125,NYB,Weekend
20140125,TkB,Weekend
20140126,LnB,Weekend
20140126,NYB,Weekend
20140126,TkB,Weekend
20140127,LnB,Spring Bank Holiday
20140201,LnB,Weekend
20140201,NYB,Weekend
20140201,TkB,Weekend
20140202,LnB,Weekend
20140202,NYB,Weekend
20140202,TkB,Weekend
20140208,LnB,Weekend
20140208,NYB,Weekend
20140208,TkB,Weekend
20140209,LnB,Weekend
20140209,NYB,Weekend
20140209,TkB,Weekend
20140215,LnB,Weekend
20140215,NYB,Weekend
20140215,TkB,Weekend
20140216,LnB,Weekend
20140216,NYB,Weekend
20140216,TkB,Weekend
20140221,TkB,National Foundation Day
20140222,LnB,Weekend
20140222,NYB,Weekend
20140222,TkB,Weekend
20140223,LnB,Weekend
20140223,NYB,Weekend
20140223,TkB,Weekend
20140301,LnB,Weekend
20140301,NYB,Weekend
20140301,TkB,Weekend
20140302,LnB,Weekend
20140302,NYB,Weekend
20140302,TkB,Weekend
20140308,LnB,Weekend
20140308,NYB,Weekend
20140308,TkB,Weekend
20140309,LnB,Weekend
20140309,NYB,Weekend
20140309,TkB,Weekend
20140315,LnB,Weekend
20140315,NYB,Weekend
20140315,TkB,Weekend
20140316,LnB,Weekend
20140316,NYB,Weekend
20140316,TkB,Weekend
20140322,LnB,Weekend
20140322,NYB,Weekend
20140322,TkB,Weekend
20140323,LnB,Weekend
20140323,NYB,Weekend
20140323,TkB,Weekend
20140329,LnB,Weekend
20140329,NYB,Weekend
20140329,TkB,Weekend
20140330,LnB,Weekend
20140330,NYB,Weekend
20140330,TkB,Weekend
20140402,TkB,Greenery Day
20140405,LnB,Weekend
20140405,NYB,Weekend
20140405,TkB,Weekend
20140406,LnB,Weekend
20140406,NYB,Weekend
20140406,TkB,Weekend
20140412,LnB,Weekend
20140412,NYB,Weekend
20140412,TkB,Weekend
20140413,LnB,Weekend
20140413,NYB,Weekend
20140413,TkB,Weekend
20140419,LnB,Weekend
20140419,NYB,Weekend
20140419,TkB,Weekend
20140420,LnB,Weekend
20140420,NYB,Weekend
20140420,TkB,Weekend
20140425,NYB,Christmas Day
20140426,LnB,Weekend
20140426,NYB,Weekend
20140426,TkB,Weekend
20140427,LnB,Weekend
20140427,NYB,Weekend
20140427,TkB,Weekend
20140503,LnB,Weekend
20140503,NYB,Weekend
20140503,TkB,Weekend
20140504,LnB,Weekend
20140504,NYB,Weekend
20140504,TkB,Weekend
20140510,LnB,Weekend
20140510,NYB,Weekend
20140510,TkB,Weekend
20140511,LnB,Weekend
20140511,NYB,Weekend
20140511,TkB,Weekend
20140517,LnB,Weekend
20140517,NYB,Weekend
20140517,TkB,Weekend
20140518,LnB,Weekend
20140518,NYB,Weekend
20140518,TkB,Weekend
20140519,NYB,Washington's Birthday
20140524,LnB,Weekend
20140524,NYB,Weekend
20140524,TkB,Weekend
20140525,LnB,Weekend
20140525,NYB,Weekend
20140525,TkB,Weekend
20140531,LnB,Weekend
20140531,NYB,Weekend
20140531,TkB,Weekend
20140601,LnB,Weekend
20140601,NYB,Weekend
20140601,TkB,Weekend
20140607,LnB,Weekend
20140607,NYB,Weekend
20140607,TkB,Weekend
20140608,LnB,Weekend
20140608,NYB,Weekend
20140608,TkB,Weekend
20140614,LnB,Weekend
20140614,NYB,Weekend
20140614,TkB,Weekend
20140615,LnB,Weekend
20140615,NYB,Weekend
20140615,TkB,Weekend
20140621,LnB,Weekend
20140621,NYB,Weekend
20140621,TkB,Weekend
20140622,LnB,Weekend
20140622,NYB,Weekend
20140622,TkB,Weekend
20140628,LnB,Weekend
20140628,NYB,Weekend
20140628,TkB,Weekend
20140629,LnB,Weekend
20140629,NYB,Weekend
20140629,TkB,Weekend
20140705,LnB,Weekend
20140705,NYB,Weekend
20140705,TkB,Weekend
20140706,LnB,Weekend
20140706,NYB,Weekend
20140706,TkB,Weekend
20140712,LnB,Weekend
20140712,NYB,Weekend
20140712,TkB,Weekend
20140713,LnB,Weekend
20140713,NYB,Weekend
20140713,TkB,Weekend
20140719,LnB,Weekend
20140719,NYB,Weekend
20140719,TkB,Weekend
20140720,LnB,Weekend
20140720,NYB,Weekend
20140720,TkB,Weekend
20140721,LnB,August Bank Holiday
20140726,LnB,Weekend
20140726,NYB,Weekend
20140726,TkB,Weekend
20140727,LnB,Weekend
20140727,NYB,Weekend
20140727,TkB,Weekend
20140728,NYB,Memorial Day
20140802,LnB,Weekend
20140802,NYB,Weekend
20140802,TkB,Weekend
20140803,LnB,Weekend
20140803,NYB,Weekend
20140803,TkB,Weekend
20140809,LnB,Weekend
20140809,NYB,Weekend
20140809,TkB,Weekend
20140810,LnB,Weekend
20140810,NYB,Weekend
20140810,TkB,Weekend
20140816,LnB,Weekend
20140816,NYB,Weekend
20140816,TkB,Weekend
20140817,LnB,Weekend
20140817,NYB,Weekend
20140817,TkB,Weekend
20140823,LnB,Weekend
20140823,NYB,Weekend
20140823,TkB,Weekend
20140824,LnB,Weekend
20140824,NYB,Weekend
20140824,TkB,Weekend
20140830,LnB,Weekend
20140830,NYB,Weekend
20140830,TkB,Weekend
20140831,LnB,Weekend
20140831,NYB,Weekend
20140831,TkB,Weekend
20140906,LnB,Weekend
20140906,NYB,Weekend
20140906,TkB,Weekend
20140907,LnB,Weekend
20140907,NYB,Weekend
20140907,TkB,Weekend
20140908,TkB,Respect for the Aged Day
20140913,LnB,Weekend
20140913,NYB,Weekend
20140913,TkB,Weekend
20140914,LnB,Weekend
20140914,NYB,Weekend
20140914,TkB,Weekend
20140920,LnB,Weekend
20140920,NYB,Weekend
20140920,TkB,Weekend
20140921,LnB,Weekend
20140921,NYB,Weekend
20140921,TkB,Weekend
20140922,NYB,Labor Day
20140923,TkB,Emperor's Birthday
20140927,LnB,Weekend
20140927,NYB,Weekend
20140927,TkB,Weekend
20140928,LnB,Weekend
20140928,NYB,Weekend
20140928,TkB,Weekend
20141004,LnB,Weekend
20141004,NYB,Weekend
20141004,TkB,Weekend
20141005,LnB,Weekend
20141005,NYB,Weekend
20141005,TkB,Weekend
20141011,LnB,Weekend
20141011,NYB,Weekend
20141011,TkB,Weekend
20141012,LnB,Weekend
20141012,NYB,Weekend
20141012,TkB,Weekend
20141018,LnB,Weekend
20141018,NYB,Weekend
20141018,TkB,Weekend
20141019,LnB,Weekend
20141019,NYB,Weekend
20141019,TkB,Weekend
20141020,NYB,Columbus Day
20141020,TkB,Ocean Day
20141025,LnB,Weekend
20141025,NYB,Weekend
20141025,TkB,Weekend
20141026,LnB,Weekend
20141026,NYB,Weekend
20141026,TkB,Weekend
20141101,LnB,Weekend
20141101,NYB,Weekend
20141101,TkB,Weekend
20141102,LnB,Weekend
20141102,NYB,Weekend
20141102,TkB,Weekend
20141103,LnB,May Day
20141108,LnB,Weekend
20141108,NYB,Weekend
20141108,TkB,Weekend
20141109,LnB,Weekend
20141109,NYB,Weekend
20141109,TkB,Weekend
20141113,TkB,Culture Day
20141115,LnB,Weekend
20141115,NYB,Weekend
20141115,TkB,Weekend
20141116,LnB,Weekend
20141116,NYB,Weekend
20141116,TkB,Weekend
20141122,LnB,Weekend
20141122,NYB,Weekend
20141122,TkB,Weekend
20141123,LnB,Weekend
20141123,NYB,Weekend
20141123,TkB,Weekend
20141129,LnB,Weekend
20141129,NYB,Weekend
20141129,TkB,Weekend
20141130,LnB,Weekend
20141130,NYB,Weekend
20141130,TkB,Weekend
20141206,LnB,Weekend
20141206,NYB,Weekend
20141206,TkB,Weekend
20141207,LnB,Weekend
20141207,NYB,Weekend
20141207,TkB,Weekend
20141213,LnB,Weekend
20141213,NYB,Weekend
20141213,TkB,Weekend
20141214,LnB,Weekend
20141214,NYB,Weekend
20141214,TkB,Weekend
20141215,NYB,Martin Luther King's Birthday
20141220,LnB,Weekend
20141220,NYB,Weekend
20141220,TkB,Weekend
20141221,LnB,Weekend
20141221,NYB,Weekend
20141221,TkB,Weekend
20141225,LnB,Christmas Day
20141225,NYB,Thanksgiving Day
20141226,LnB,Boxing Day
20141227,LnB,Weekend
20141227,NYB,Weekend
20141227,TkB,Weekend
20141228,LnB,Weekend
20141228,NYB,Weekend
20141228,TkB,Weekend
20150101,LnB,New Year's Day
20150103,LnB,Weekend
20150103,NYB,Weekend
20150103,TkB,Weekend
20150104,LnB,Weekend
20150104,NYB,Weekend
20150104,TkB,Weekend
20150110,LnB,Weekend
20150110,NYB,Weekend
20150110,TkB,Weekend
20150111,LnB,Weekend
20150111,NYB,Weekend
20150111,TkB,Weekend
20150117,LnB,Weekend
20150117,NYB,Weekend
20150117,TkB,Weekend
20150118,LnB,Weekend
20150118,NYB,Weekend
20150118,TkB,Weekend
20150124,LnB,Weekend
20150124,NYB,Weekend
20150124,TkB,Weekend
20150125,LnB,Weekend
20150125,NYB,Weekend
20150125,TkB,Weekend
20150126,LnB,Spring Bank Holiday
20150131,LnB,Weekend
20150131,NYB,Weekend
20150131,TkB,Weekend
20150201,LnB,Weekend
20150201,NYB,Weekend
20150201,TkB,Weekend
20150207,LnB,Weekend
20150207,NYB,Weekend
20150207,TkB,Weekend
20150208,LnB,Weekend
20150208,NYB,Weekend
20150208,TkB,Weekend
20150214,LnB,Weekend
20150214,NYB,Weekend
20150214,TkB,Weekend
20150215,LnB,Weekend
20150215,NYB,Weekend
20150215,TkB,Weekend
20150221,LnB,Weekend
20150221,NYB,Weekend
20150221,TkB,Weekend
20150222,LnB,Weekend
20150222,NYB,Weekend
20150222,TkB,Weekend
20150228,LnB,Weekend
20150228,NYB,Weekend
20150228,TkB,Weekend
20150301,LnB,Weekend
20150301,NYB,Weekend
20150301,TkB,Weekend
20150307,LnB,Weekend
20150307,NYB,Weekend
20150307,TkB,Weekend
20150308,LnB,Weekend
20150308,NYB,Weekend
20150308,TkB,Weekend
20150314,LnB,Weekend
20150314,NYB,Weekend
20150314,TkB,Weekend
20150315,LnB,Weekend
20150315,NYB,Weekend
20150315,TkB,Weekend
20150321,LnB,Weekend
20150321,NYB,Weekend
20150321,TkB,Weekend
20150322,LnB,Weekend
20150322,NYB,Weekend
20150322,TkB,Weekend
20150328,LnB,Weekend
20150328,NYB,Weekend
20150328,TkB,Weekend
20150329,LnB,Weekend
20150329,NYB,Weekend
20150329,TkB,Weekend
20150402,TkB,Greenery Day
20150404,LnB,Weekend
20150404,NYB,Weekend
20150404,TkB,Weekend
20150405,LnB,Weekend
20150405,NYB,Weekend
20150405,TkB,Weekend
20150411,LnB,Weekend
20150411,NYB,Weekend
20150411,TkB,Weekend
20150412,LnB,Weekend
20150412,NYB,Weekend
20150412,TkB,Weekend
20150418,LnB,Weekend
20150418,NYB,Weekend
20150418,TkB,Weekend
20150419,LnB,Weekend
20150419,NYB,Weekend
20150419,TkB,Weekend
20150425,LnB,Weekend
20150425,NYB,Weekend
20150425,TkB,Weekend
20150426,LnB,Weekend
20150426,NYB,Weekend
20150426,TkB,Weekend
20150502,LnB,Weekend
20150502,NYB,Weekend
20150502,TkB,Weekend
20150503,LnB,Weekend
20150503,NYB,Weekend
20150503,TkB,Weekend
20150509,LnB,Weekend
20150509,NYB,Weekend
20150509,TkB,Weekend
20150510,LnB,Weekend
20150510,NYB,Weekend
20150510,TkB,Weekend
20150516,LnB,Weekend
20150516,NYB,Weekend
20150516,TkB,Weekend
20150517,LnB,Weekend
20150517,NYB,Weekend
20150517,TkB,Weekend
20150518,NYB,Washington's Birthday
20150523,LnB,Weekend
20150523,NYB,Weekend
20150523,TkB,Weekend
20150524,LnB,Weekend
20150524,NYB,Weekend
20150524,TkB,Weekend
20150530,LnB,Weekend
20150530,NYB,Weekend
20150530,TkB,Weekend
20150531,LnB,Weekend
20150531,NYB,Weekend
20150531,TkB,Weekend
20150606,LnB,Weekend
20150606,NYB,Weekend
20150606,TkB,Weekend
20150607,LnB,Weekend
20150607,NYB,Weekend
20150607,TkB,Weekend
20150613,LnB,Weekend
20150613,NYB,Weekend
20150613,TkB,Weekend
20150614,LnB,Weekend
20150614,NYB,Weekend
20150614,TkB,Weekend
20150620,LnB,Weekend
20150620,NYB,Weekend
20150620,TkB,Weekend
20150621,LnB,Weekend
20150621,NYB,Weekend
20150621,TkB,Weekend
20150627,LnB,Weekend
20150627,NYB,Weekend
20150627,TkB,Weekend
20150628,LnB,Weekend
20150628,NYB,Weekend
20150628,TkB,Weekend
20150704,LnB,Weekend
20150704,NYB,Weekend
20150704,TkB,Weekend
20150705,LnB,Weekend
20150705,NYB,Weekend
20150705,TkB,Weekend
20150711,LnB,Weekend
20150711,NYB,Weekend
20150711,TkB,Weekend
20150712,LnB,Weekend
20150712,NYB,Weekend
20150712,TkB,Weekend
20150718,LnB,Weekend
20150718,NYB,Weekend
20150718,TkB,Weekend
20150719,LnB,Weekend
20150719,NYB,Weekend
20150719,TkB,Weekend
20150720,LnB,August Bank Holiday
20150725,LnB,Weekend
20150725,NYB,Weekend
20150725,TkB,Weekend
20150726,LnB,Weekend
20150726,NYB,Weekend
20150726,TkB,Weekend
20150727,LnB,August Bank Holiday
20150727,NYB,Memorial Day
20150801,LnB,Weekend
20150801,NYB,Weekend
20150801,TkB,Weekend
20150802,LnB,Weekend
20150802,NYB,Weekend
20150802,TkB,Weekend
20150808,LnB,Weekend
20150808,NYB,Weekend
20150808,TkB,Weekend
20150809,LnB,Weekend
20150809,NYB,Weekend
20150809,TkB,Weekend
20150815,LnB,Weekend
20150815,NYB,Weekend
20150815,TkB,Weekend
20150816,LnB,Weekend
20150816,NYB,Weekend
20150816,TkB,Weekend
20150822,LnB,Weekend
20150822,NYB,Weekend
20150822,TkB,Weekend
20150823,LnB,Weekend
20150823,NYB,Weekend
20150823,TkB,Weekend
20150829,LnB,Weekend
20150829,NYB,Weekend
20150829,TkB,Weekend
20150830,LnB,Weekend
20150830,NYB,Weekend
20150830,TkB,Weekend
20150905,LnB,Weekend
20150905,NYB,Weekend
20150905,TkB,Weekend
20150906,LnB,Weekend
20150906,NYB,Weekend
20150906,TkB,Weekend
20150907,TkB,Respect for the Aged Day
20150912,LnB,Weekend
20150912,NYB,Weekend
20150912,TkB,Weekend
20150913,LnB,Weekend
20150913,NYB,Weekend
20150913,TkB,Weekend
20150919,LnB,Weekend
20150919,NYB,Weekend
20150919,TkB,Weekend
20150920,LnB,Weekend
20150920,NYB,Weekend
20150920,TkB,Weekend
20150921,NYB,Labor Day
20150923,TkB,Emperor's Birthday
20150926,LnB,Weekend
20150926,NYB,Weekend
20150926,TkB,Weekend
20150927,LnB,Weekend
20150927,NYB,Weekend
20150927,TkB,Weekend
20151003,LnB,Weekend
20151003,NYB,Weekend
20151003,TkB,Weekend
20151004,LnB,Weekend
20151004,NYB,Weekend
20151004,TkB,Weekend
20151010,LnB,Weekend
20151010,NYB,Weekend
20151010,TkB,Weekend
20151011,LnB,Weekend
20151011,NYB,Weekend
20151011,TkB,Weekend
20151017,LnB,Weekend
20151017,NYB,Weekend
20151017,TkB,Weekend
20151018,LnB,Weekend
20151018,NYB,Weekend
20151018,TkB,Weekend
20151019,NYB,Columbus Day
20151019,TkB,Ocean Day
20151024,LnB,Weekend
20151024,NYB,Weekend
20151024,TkB,Weekend
20151025,LnB,Weekend
20151025,NYB,Weekend
20151025,TkB,Weekend
20151031,LnB,Weekend
20151031,NYB,Weekend
20151031,TkB,Weekend
20151101,LnB,Weekend
20151101,NYB,Weekend
20151101,TkB,Weekend
20151102,LnB,May Day
20151107,LnB,Weekend
20151107,NYB,Weekend
20151107,TkB,Weekend
20151108,LnB,Weekend
20151108,NYB,Weekend
20151108,TkB,Weekend
20151113,TkB,Culture Day
20151114,LnB,Weekend
20151114,NYB,Weekend
20151114,TkB,Weekend
20151115,LnB,Weekend
20151115,NYB,Weekend
20151115,TkB,Weekend
20151121,LnB,Weekend
20151121,NYB,Weekend
20151121,TkB,Weekend
20151122,LnB,Weekend
20151122,NYB,Weekend
20151122,TkB,Weekend
20151128,LnB,Weekend
20151128,NYB,Weekend
20151128,TkB,Weekend
20151129,LnB,Weekend
20151129,NYB,Weekend
20151129,TkB,Weekend
20151205,LnB,Weekend
20151205,NYB,Weekend
20151205,TkB,Weekend
20151206,LnB,Weekend
20151206,NYB,Weekend
20151206,TkB,Weekend
20151212,LnB,Weekend
20151212,NYB,Weekend
20151212,TkB,Weekend
20151213,LnB,Weekend
20151213,NYB,Weekend
20151213,TkB,Weekend
20151219,LnB,Weekend
20151219,NYB,Weekend
20151219,TkB,Weekend
20151220,LnB,Weekend
20151220,NYB,Weekend
20151220,TkB,Weekend
20151221,NYB,Martin Luther King's Birthday
20151224,NYB,Thanksgiving Day
20151225,LnB,Christmas Day
20151226,LnB,Weekend
20151226,NYB,Weekend
20151226,TkB,Weekend
20151227,LnB,Weekend
20151227,NYB,Weekend
20151227,TkB,Weekend
